SampleID	Genomospecies	n	propGenomospecies
6743909	GS14	2	0.007633587786259542
6743909	GS2	5	0.019083969465648856
6743909	GS5	76	0.2900763358778626
6743909	GS7	172	0.6564885496183206
6743909	GS8	3	0.011450381679389313
6743909	GS9	4	0.015267175572519083
6743910	GS1	2	0.045454545454545456
6743910	GS12	2	0.045454545454545456
6743910	GS3	3	0.06818181818181818
6743910	GS5	2	0.045454545454545456
6743910	GS6	35	0.7954545454545454
6743911	GS6	3	1
6743912	GS1	308	0.39086294416243655
6743912	GS12	33	0.04187817258883249
6743912	GS2	16	0.02030456852791878
6743912	GS3	78	0.09898477157360407
6743912	GS4	12	0.015228426395939087
6743912	GS5	19	0.024111675126903553
6743912	GS6	322	0.4086294416243655
6743913	GS6	7	1
6743914	GS1	127	0.1906906906906907
6743914	GS12	3	0.0045045045045045045
6743914	GS13	2	0.003003003003003003
6743914	GS2	15	0.02252252252252252
6743914	GS3	2	0.003003003003003003
6743914	GS5	7	0.010510510510510511
6743914	GS6	508	0.7627627627627628
6743914	GS7	2	0.003003003003003003
6743916	GS1	4	0.0026827632461435278
6743916	GS11	25	0.01676727028839705
6743916	GS12	230	0.15425888665325285
6743916	GS14	698	0.4681421864520456
6743916	GS2	6	0.004024144869215292
6743916	GS3	2	0.0013413816230717639
6743916	GS4	2	0.0013413816230717639
6743916	GS5	502	0.33668678739101277
6743916	GS8	16	0.010731052984574111
6743916	GS9	6	0.004024144869215292
6743918	GS1	4	1
6743923	GS8	2	0.5
6743923	GS9	2	0.5
6743928	GS1	2	0.03389830508474576
6743928	GS3	5	0.0847457627118644
6743928	GS5	43	0.7288135593220338
6743928	GS6	9	0.15254237288135594
6743932	GS6	2	1
6743934	GS1	569	0.4330289193302892
6743934	GS12	492	0.3744292237442922
6743934	GS2	27	0.02054794520547945
6743934	GS5	226	0.1719939117199391
6743935	GS1	2	0.0125
6743935	GS12	27	0.16875
6743935	GS2	13	0.08125
6743935	GS4	4	0.025
6743935	GS5	112	0.7
6743935	GS6	2	0.0125
6743939	GS1	3	0.6
6743939	GS6	2	0.4
6743940	GS1	7	1
6743942	GS6	2	1
6743944	GS1	2	0.004081632653061225
6743944	GS10	8	0.0163265306122449
6743944	GS12	132	0.2693877551020408
6743944	GS14	6	0.012244897959183673
6743944	GS2	9	0.018367346938775512
6743944	GS3	4	0.00816326530612245
6743944	GS4	2	0.004081632653061225
6743944	GS5	8	0.0163265306122449
6743944	GS7	242	0.49387755102040815
6743944	GS8	52	0.10612244897959183
6743944	GS9	25	0.05102040816326531
6743947	GS4	2	0.07142857142857142
6743947	GS5	16	0.5714285714285714
6743947	GS6	10	0.35714285714285715
6743952	GS12	12	0.631578947368421
6743952	GS7	7	0.3684210526315789
6743953	GS7	2	1
6743954	GS1	3	0.0018951358180669614
6743954	GS12	69	0.043588123815540114
6743954	GS13	211	0.13329121920404297
6743954	GS14	385	0.24320909665192672
6743954	GS2	3	0.0018951358180669614
6743954	GS3	5	0.0031585596967782692
6743954	GS4	7	0.004421983575489577
6743954	GS5	102	0.06443461781427669
6743954	GS7	783	0.49463044851547694
6743954	GS8	4	0.002526847757422615
6743954	GS9	11	0.006948831332912192
6743958	GS1	2	0.18181818181818182
6743958	GS5	2	0.18181818181818182
6743958	GS6	5	0.45454545454545453
6743958	GS7	2	0.18181818181818182
6743962	GS1	10	0.0228310502283105
6743962	GS2	2	0.0045662100456621
6743962	GS3	82	0.1872146118721461
6743962	GS4	25	0.05707762557077625
6743962	GS5	319	0.728310502283105
6743963	GS1	4	0.17391304347826086
6743963	GS3	4	0.17391304347826086
6743963	GS6	15	0.6521739130434783
6743964	GS1	3	0.006224066390041493
6743964	GS10	2	0.004149377593360996
6743964	GS12	24	0.04979253112033195
6743964	GS13	45	0.09336099585062241
6743964	GS14	52	0.1078838174273859
6743964	GS2	2	0.004149377593360996
6743964	GS3	3	0.006224066390041493
6743964	GS6	3	0.006224066390041493
6743964	GS7	339	0.7033195020746889
6743964	GS8	4	0.008298755186721992
6743964	GS9	5	0.01037344398340249
6743969	GS5	3	0.061224489795918366
6743969	GS6	46	0.9387755102040817
6743970	GS14	3	0.125
6743970	GS3	7	0.2916666666666667
6743970	GS4	2	0.08333333333333333
6743970	GS6	12	0.5
6743972	GS1	33	0.1658291457286432
6743972	GS2	7	0.035175879396984924
6743972	GS7	159	0.7989949748743719
6743973	GS5	2	0.2857142857142857
6743973	GS6	5	0.7142857142857143
6743976	GS1	2	0.03389830508474576
6743976	GS10	12	0.2033898305084746
6743976	GS5	2	0.03389830508474576
6743976	GS8	2	0.03389830508474576
6743976	GS9	41	0.6949152542372882
6743980	GS1	4	0.00333889816360601
6743980	GS12	25	0.020868113522537562
6743980	GS14	931	0.7771285475792988
6743980	GS2	12	0.01001669449081803
6743980	GS3	14	0.011686143572621035
6743980	GS4	36	0.03005008347245409
6743980	GS5	3	0.0025041736227045075
6743980	GS7	142	0.11853088480801335
6743980	GS8	26	0.021702838063439065
6743980	GS9	5	0.004173622704507512
6743982	GS1	409	0.09327251995438997
6743982	GS12	127	0.02896237172177879
6743982	GS2	14	0.0031927023945267957
6743982	GS5	131	0.029874572405929306
6743982	GS6	3704	0.8446978335233751
6743988	GS1	4	0.26666666666666666
6743988	GS12	5	0.3333333333333333
6743988	GS14	4	0.26666666666666666
6743988	GS6	2	0.13333333333333333
6743989	GS5	4	0.0851063829787234
6743989	GS6	43	0.9148936170212766
6743991	GS5	2	1
6743997	GS1	2	0.25
6743997	GS7	6	0.75
6743999	GS14	6	0.6666666666666666
6743999	GS7	3	0.3333333333333333
6744000	GS1	28	0.03814713896457766
6744000	GS10	2	0.0027247956403269754
6744000	GS11	17	0.02316076294277929
6744000	GS12	65	0.0885558583106267
6744000	GS13	22	0.02997275204359673
6744000	GS14	19	0.025885558583106268
6744000	GS2	47	0.06403269754768393
6744000	GS5	504	0.6866485013623979
6744000	GS6	4	0.005449591280653951
6744000	GS7	5	0.006811989100817439
6744000	GS8	9	0.01226158038147139
6744000	GS9	12	0.01634877384196185
6744001	GS1	18	0.75
6744001	GS5	2	0.08333333333333333
6744001	GS7	4	0.16666666666666666
6744002	GS1	100	0.06418485237483953
6744002	GS3	199	0.1277278562259307
6744002	GS4	42	0.026957637997432605
6744002	GS5	20	0.012836970474967908
6744002	GS6	1197	0.7682926829268293
6744006	GS1	11	0.34375
6744006	GS5	21	0.65625
6744009	GS3	15	0.05555555555555555
6744009	GS5	255	0.9444444444444444
6744010	GS6	2	1
6744011	GS5	3	1
6744012	GS12	4	0.5
6744012	GS2	4	0.5
6744014	GS6	2	1
6744015	GS13	4	0.2222222222222222
6744015	GS5	12	0.6666666666666666
6744015	GS7	2	0.1111111111111111
6744016	GS6	2	1
6744020	GS1	1383	0.5377138413685848
6744020	GS11	14	0.005443234836702955
6744020	GS2	118	0.045878693623639194
6744020	GS3	184	0.07153965785381027
6744020	GS4	54	0.020995334370139968
6744020	GS5	58	0.02255054432348367
6744020	GS6	758	0.29471228615863143
6744020	GS8	3	0.0011664074650077762
6744022	GS1	7	0.011764705882352941
6744022	GS10	2	0.0033613445378151263
6744022	GS11	2	0.0033613445378151263
6744022	GS12	62	0.10420168067226891
6744022	GS13	21	0.03529411764705882
6744022	GS14	32	0.05378151260504202
6744022	GS2	13	0.021848739495798318
6744022	GS3	4	0.0067226890756302525
6744022	GS4	8	0.013445378151260505
6744022	GS5	36	0.06050420168067227
6744022	GS6	3	0.005042016806722689
6744022	GS7	396	0.6655462184873949
6744022	GS8	7	0.011764705882352941
6744022	GS9	2	0.0033613445378151263
6744023	GS1	142	0.05261207854761023
6744023	GS10	15	0.005557613931085587
6744023	GS12	390	0.14449796220822528
6744023	GS13	11	0.004075583549462764
6744023	GS14	17	0.006298629121896999
6744023	GS2	282	0.10448314190440904
6744023	GS3	7	0.002593553167839941
6744023	GS4	4	0.0014820303816228233
6744023	GS5	6	0.002223045572434235
6744023	GS6	14	0.005187106335679882
6744023	GS7	1410	0.5224157095220452
6744023	GS8	364	0.13486476472767692
6744023	GS9	37	0.013708781030011115
6744028	GS1	7	0.12280701754385964
6744028	GS2	2	0.03508771929824561
6744028	GS3	20	0.3508771929824561
6744028	GS4	2	0.03508771929824561
6744028	GS6	26	0.45614035087719296
6744031	GS1	55	0.3767123287671233
6744031	GS10	3	0.02054794520547945
6744031	GS2	10	0.0684931506849315
6744031	GS5	13	0.08904109589041095
6744031	GS6	45	0.3082191780821918
6744031	GS8	20	0.136986301369863
6744033	GS6	3	1
6744036	GS1	50	0.0648508430609598
6744036	GS12	73	0.0946822308690013
6744036	GS13	9	0.011673151750972763
6744036	GS14	8	0.010376134889753566
6744036	GS2	22	0.028534370946822308
6744036	GS3	16	0.020752269779507133
6744036	GS4	5	0.00648508430609598
6744036	GS5	16	0.020752269779507133
6744036	GS6	65	0.08430609597924774
6744036	GS7	503	0.6523994811932555
6744036	GS8	2	0.0025940337224383916
6744036	GS9	2	0.0025940337224383916
6744037	GS10	2	0.04
6744037	GS12	28	0.56
6744037	GS14	2	0.04
6744037	GS4	4	0.08
6744037	GS5	2	0.04
6744037	GS6	3	0.06
6744037	GS9	9	0.18
6744041	GS1	34	0.07925407925407925
6744041	GS10	2	0.004662004662004662
6744041	GS11	2	0.004662004662004662
6744041	GS12	27	0.06293706293706294
6744041	GS13	123	0.2867132867132867
6744041	GS14	16	0.037296037296037296
6744041	GS2	14	0.03263403263403263
6744041	GS3	3	0.006993006993006993
6744041	GS4	3	0.006993006993006993
6744041	GS5	9	0.02097902097902098
6744041	GS6	18	0.04195804195804196
6744041	GS7	87	0.20279720279720279
6744041	GS8	70	0.16317016317016317
6744041	GS9	21	0.04895104895104895
6744043	GS1	184	0.23896103896103896
6744043	GS11	2	0.0025974025974025974
6744043	GS12	16	0.02077922077922078
6744043	GS2	29	0.03766233766233766
6744043	GS3	5	0.006493506493506494
6744043	GS4	2	0.0025974025974025974
6744043	GS5	11	0.014285714285714285
6744043	GS6	517	0.6714285714285714
6744043	GS7	4	0.005194805194805195
6744044	GS11	2	1
6744046	GS1	103	0.12379807692307693
6744046	GS10	134	0.16105769230769232
6744046	GS2	49	0.05889423076923077
6744046	GS3	50	0.06009615384615385
6744046	GS4	16	0.019230769230769232
6744046	GS5	23	0.027644230769230768
6744046	GS6	8	0.009615384615384616
6744046	GS8	169	0.203125
6744046	GS9	280	0.33653846153846156
6744050	GS5	113	0.9658119658119658
6744050	GS6	4	0.03418803418803419
6744051	GS1	8	0.03361344537815126
6744051	GS11	9	0.037815126050420166
6744051	GS12	13	0.0546218487394958
6744051	GS2	28	0.11764705882352941
6744051	GS4	7	0.029411764705882353
6744051	GS5	6	0.025210084033613446
6744051	GS7	167	0.7016806722689075
6744052	GS1	10	0.027700831024930747
6744052	GS10	14	0.038781163434903045
6744052	GS11	3	0.008310249307479225
6744052	GS12	183	0.5069252077562327
6744052	GS14	9	0.024930747922437674
6744052	GS2	16	0.0443213296398892
6744052	GS3	6	0.01662049861495845
6744052	GS4	8	0.0221606648199446
6744052	GS5	2	0.00554016620498615
6744052	GS6	4	0.0110803324099723
6744052	GS8	87	0.2409972299168975
6744052	GS9	19	0.05263157894736842
6744053	GS3	2	0.13333333333333333
6744053	GS6	8	0.5333333333333333
6744053	GS7	5	0.3333333333333333
6744062	GS1	4	0.0975609756097561
6744062	GS6	37	0.9024390243902439
6744063	GS1	183	0.08250676284941388
6744063	GS10	6	0.002705139765554554
6744063	GS12	765	0.34490532010820557
6744063	GS13	6	0.002705139765554554
6744063	GS14	945	0.4260595130748422
6744063	GS2	118	0.05320108205590622
6744063	GS3	19	0.008566275924256087
6744063	GS4	39	0.0175834084761046
6744063	GS5	40	0.018034265103697024
6744063	GS6	7	0.0031559963931469793
6744063	GS8	86	0.0387736699729486
6744063	GS9	4	0.0018034265103697023
6744064	GS1	28	0.010130246020260492
6744064	GS10	10	0.00361794500723589
6744064	GS3	12	0.004341534008683068
6744064	GS4	6	0.002170767004341534
6744064	GS5	50	0.01808972503617945
6744064	GS6	2653	0.9598408104196816
6744064	GS8	5	0.001808972503617945
6744065	GS1	4	0.07407407407407407
6744065	GS2	3	0.05555555555555555
6744065	GS3	9	0.16666666666666666
6744065	GS4	5	0.09259259259259259
6744065	GS6	31	0.5740740740740741
6744065	GS7	2	0.037037037037037035
6744066	GS1	18	0.06040268456375839
6744066	GS11	32	0.10738255033557047
6744066	GS12	83	0.2785234899328859
6744066	GS13	63	0.21140939597315436
6744066	GS14	72	0.24161073825503357
6744066	GS2	11	0.03691275167785235
6744066	GS6	8	0.026845637583892617
6744066	GS8	11	0.03691275167785235
6744067	GS1	51	0.044854881266490766
6744067	GS12	24	0.021108179419525065
6744067	GS13	2	0.001759014951627089
6744067	GS2	9	0.0079155672823219
6744067	GS3	6	0.005277044854881266
6744067	GS4	7	0.006156552330694811
6744067	GS5	26	0.022867194371152155
6744067	GS6	1012	0.890061565523307
6744068	GS1	626	0.36122331217541837
6744068	GS13	6	0.003462204270051933
6744068	GS2	4	0.002308136180034622
6744068	GS4	2	0.001154068090017311
6744068	GS5	596	0.3439122908251587
6744068	GS7	496	0.28620888632429314
6744068	GS8	3	0.0017311021350259665
6744069	GS1	3	1
6744072	GS1	314	0.3343982960596379
6744072	GS2	28	0.029818956336528223
6744072	GS3	3	0.003194888178913738
6744072	GS5	592	0.630457933972311
6744072	GS6	2	0.002129925452609159
6744073	GS12	7	0.6363636363636364
6744073	GS2	4	0.36363636363636365
6744076	GS1	62	0.13716814159292035
6744076	GS12	22	0.048672566371681415
6744076	GS3	26	0.05752212389380531
6744076	GS4	5	0.011061946902654867
6744076	GS5	11	0.024336283185840708
6744076	GS6	326	0.7212389380530974
6744078	GS1	8	0.0029728725380899295
6744078	GS10	20	0.007432181345224823
6744078	GS12	2412	0.8963210702341137
6744078	GS14	68	0.0252694165737644
6744078	GS2	4	0.0014864362690449647
6744078	GS8	153	0.056856187290969896
6744078	GS9	26	0.00966183574879227
6744079	GS1	160	0.583941605839416
6744079	GS2	7	0.025547445255474453
6744079	GS3	13	0.04744525547445255
6744079	GS5	94	0.34306569343065696
6744081	GS6	2	1
6744082	GS6	3	1
6744083	GS1	40	0.04040404040404041
6744083	GS10	3	0.0030303030303030303
6744083	GS12	5	0.005050505050505051
6744083	GS13	4	0.00404040404040404
6744083	GS14	39	0.03939393939393939
6744083	GS2	181	0.18282828282828284
6744083	GS3	29	0.029292929292929294
6744083	GS4	23	0.023232323232323233
6744083	GS5	7	0.007070707070707071
6744083	GS6	4	0.00404040404040404
6744083	GS7	650	0.6565656565656566
6744083	GS8	5	0.005050505050505051
6744084	GS12	2	0.1111111111111111
6744084	GS6	4	0.2222222222222222
6744084	GS7	12	0.6666666666666666
6744085	GS1	2	0.4
6744085	GS2	3	0.6
6744089	GS1	7	0.20588235294117646
6744089	GS5	19	0.5588235294117647
6744089	GS6	3	0.08823529411764706
6744089	GS7	5	0.14705882352941177
6744090	GS1	4	0.029411764705882353
6744090	GS12	5	0.03676470588235294
6744090	GS14	42	0.3088235294117647
6744090	GS2	4	0.029411764705882353
6744090	GS4	9	0.0661764705882353
6744090	GS6	3	0.022058823529411766
6744090	GS7	69	0.5073529411764706
6744093	GS1	6	0.0046801872074883
6744093	GS2	12	0.0093603744149766
6744093	GS5	1256	0.9797191887675507
6744093	GS6	3	0.00234009360374415
6744093	GS7	2	0.0015600624024961
6744093	GS9	3	0.00234009360374415
6744096	GS6	3	1
6744100	GS12	4	0.23529411764705882
6744100	GS14	2	0.11764705882352941
6744100	GS2	9	0.5294117647058824
6744100	GS7	2	0.11764705882352941
6744103	GS1	127	0.21858864027538727
6744103	GS10	7	0.012048192771084338
6744103	GS11	7	0.012048192771084338
6744103	GS2	210	0.3614457831325301
6744103	GS7	135	0.23235800344234078
6744103	GS8	91	0.1566265060240964
6744103	GS9	4	0.0068846815834767644
6744104	GS3	3	0.6
6744104	GS5	2	0.4
6744106	GS1	64	0.13733905579399142
6744106	GS2	5	0.01072961373390558
6744106	GS3	90	0.19313304721030042
6744106	GS4	45	0.09656652360515021
6744106	GS5	8	0.017167381974248927
6744106	GS6	254	0.5450643776824035
6744110	GS1	9	0.23076923076923078
6744110	GS5	7	0.1794871794871795
6744110	GS6	23	0.5897435897435898
6744112	GS6	6	1
6744113	GS1	5	0.029940119760479042
6744113	GS12	43	0.25748502994011974
6744113	GS14	63	0.3772455089820359
6744113	GS2	9	0.05389221556886228
6744113	GS3	3	0.017964071856287425
6744113	GS5	35	0.20958083832335328
6744113	GS7	9	0.05389221556886228
6744115	GS1	2	0.047619047619047616
6744115	GS10	4	0.09523809523809523
6744115	GS12	3	0.07142857142857142
6744115	GS13	6	0.14285714285714285
6744115	GS14	5	0.11904761904761904
6744115	GS2	3	0.07142857142857142
6744115	GS5	11	0.2619047619047619
6744115	GS6	3	0.07142857142857142
6744115	GS8	3	0.07142857142857142
6744115	GS9	2	0.047619047619047616
6744118	GS1	11	0.09016393442622951
6744118	GS12	109	0.8934426229508197
6744118	GS7	2	0.01639344262295082
6744119	GS12	3	0.3
6744119	GS14	7	0.7
6744120	GS7	12	1
6744123	GS1	2583	0.8056768558951966
6744123	GS11	3	9.357454772301934e-4
6744123	GS13	3	9.357454772301934e-4
6744123	GS14	65	0.020274485339987523
6744123	GS2	74	0.023081721771678103
6744123	GS3	249	0.07766687461010605
6744123	GS4	194	0.06051154086088584
6744123	GS5	15	0.004678727386150967
6744123	GS7	15	0.004678727386150967
6744123	GS8	5	0.0015595757953836558
6744124	GS4	5	0.5
6744124	GS5	5	0.5
6744127	GS12	3	0.42857142857142855
6744127	GS5	4	0.5714285714285714
6744130	GS6	2	1
6744132	GS3	2	0.4
6744132	GS7	3	0.6
6744135	GS1	4	0.25
6744135	GS12	7	0.4375
6744135	GS6	5	0.3125
6744136	GS1	532	0.4357084357084357
6744136	GS10	5	0.004095004095004095
6744136	GS2	24	0.019656019656019656
6744136	GS3	46	0.03767403767403767
6744136	GS4	2	0.001638001638001638
6744136	GS5	21	0.0171990171990172
6744136	GS6	577	0.4725634725634726
6744136	GS7	14	0.011466011466011465
6744137	GS13	5	0.18518518518518517
6744137	GS6	22	0.8148148148148148
6744138	GS6	6	1
6744143	GS7	2	1
6744147	GS10	2	0.014492753623188406
6744147	GS11	31	0.2246376811594203
6744147	GS12	11	0.07971014492753623
6744147	GS13	18	0.13043478260869565
6744147	GS14	6	0.043478260869565216
6744147	GS5	20	0.14492753623188406
6744147	GS7	44	0.3188405797101449
6744147	GS8	6	0.043478260869565216
6744149	GS1	4	0.15384615384615385
6744149	GS5	11	0.4230769230769231
6744149	GS6	11	0.4230769230769231
6744150	GS5	3	0.5
6744150	GS7	3	0.5
6744155	GS1	23	0.8518518518518519
6744155	GS2	2	0.07407407407407407
6744155	GS5	2	0.07407407407407407
6744158	GS6	5	1
6744159	GS1	2	0.25
6744159	GS5	4	0.5
6744159	GS7	2	0.25
6744160	GS1	157	0.24042879019908117
6744160	GS14	2	0.0030627871362940277
6744160	GS2	4	0.006125574272588055
6744160	GS5	490	0.7503828483920367
6744161	GS1	24	0.026726057906458798
6744161	GS2	8	0.008908685968819599
6744161	GS3	2	0.0022271714922048997
6744161	GS4	4	0.004454342984409799
6744161	GS5	2	0.0022271714922048997
6744161	GS6	858	0.955456570155902
6744162	GS10	2	0.017543859649122806
6744162	GS12	45	0.39473684210526316
6744162	GS14	4	0.03508771929824561
6744162	GS7	20	0.17543859649122806
6744162	GS8	29	0.2543859649122807
6744162	GS9	14	0.12280701754385964
6744165	GS1	5	0.08928571428571429
6744165	GS13	2	0.03571428571428571
6744165	GS2	19	0.3392857142857143
6744165	GS7	30	0.5357142857142857
6744168	GS1	3	0.11538461538461539
6744168	GS3	11	0.4230769230769231
6744168	GS6	12	0.46153846153846156
6744171	GS1	32	0.019937694704049845
6744171	GS12	56	0.03489096573208723
6744171	GS13	752	0.4685358255451713
6744171	GS14	242	0.15077881619937694
6744171	GS2	19	0.011838006230529595
6744171	GS3	3	0.001869158878504673
6744171	GS5	72	0.044859813084112146
6744171	GS6	3	0.001869158878504673
6744171	GS7	424	0.2641744548286604
6744171	GS9	2	0.0012461059190031153
6744174	GS6	36	1
6744175	GS1	2	1
6744177	GS4	2	1
6744178	GS5	134	0.9710144927536232
6744178	GS6	2	0.014492753623188406
6744178	GS7	2	0.014492753623188406
6744186	GS1	3	0.02054794520547945
6744186	GS11	8	0.0547945205479452
6744186	GS13	70	0.4794520547945205
6744186	GS14	8	0.0547945205479452
6744186	GS2	4	0.0273972602739726
6744186	GS6	2	0.0136986301369863
6744186	GS7	49	0.3356164383561644
6744186	GS8	2	0.0136986301369863
6744187	GS6	9	1
6744189	GS1	4	0.26666666666666666
6744189	GS12	3	0.2
6744189	GS5	2	0.13333333333333333
6744189	GS6	6	0.4
6744190	GS1	62	0.11524163568773234
6744190	GS2	2	0.0037174721189591076
6744190	GS3	33	0.06133828996282528
6744190	GS4	9	0.016728624535315983
6744190	GS5	16	0.02973977695167286
6744190	GS6	416	0.7732342007434945
6744191	GS1	12	0.045283018867924525
6744191	GS13	107	0.4037735849056604
6744191	GS14	111	0.4188679245283019
6744191	GS2	13	0.04905660377358491
6744191	GS5	13	0.04905660377358491
6744191	GS9	9	0.033962264150943396
6744193	GS3	3	0.375
6744193	GS6	5	0.625
6744194	GS1	10	0.14705882352941177
6744194	GS13	3	0.04411764705882353
6744194	GS14	2	0.029411764705882353
6744194	GS3	6	0.08823529411764706
6744194	GS6	47	0.6911764705882353
6744195	GS1	9	0.009846827133479213
6744195	GS12	15	0.016411378555798686
6744195	GS13	108	0.11816192560175055
6744195	GS14	5	0.005470459518599562
6744195	GS2	14	0.015317286652078774
6744195	GS3	6	0.006564551422319475
6744195	GS5	104	0.1137855579868709
6744195	GS6	6	0.006564551422319475
6744195	GS7	642	0.7024070021881839
6744195	GS8	5	0.005470459518599562
6744198	GS1	180	0.042283298097251586
6744198	GS2	42	0.009866102889358703
6744198	GS3	10	0.002349072116513977
6744198	GS4	3	7.047216349541931e-4
6744198	GS5	22	0.00516795865633075
6744198	GS6	4000	0.9396288466055908
6744199	GS12	2	0.25
6744199	GS3	4	0.5
6744199	GS4	2	0.25
6744201	GS5	182	0.9891304347826086
6744201	GS7	2	0.010869565217391304
6744203	GS1	2	0.1111111111111111
6744203	GS6	14	0.7777777777777778
6744203	GS7	2	0.1111111111111111
6744205	GS12	11	0.1375
6744205	GS13	20	0.25
6744205	GS14	27	0.3375
6744205	GS5	3	0.0375
6744205	GS7	19	0.2375
6744210	GS12	11	0.25
6744210	GS5	24	0.5454545454545454
6744210	GS7	9	0.20454545454545456
6744211	GS1	100	0.29239766081871343
6744211	GS10	9	0.02631578947368421
6744211	GS12	2	0.005847953216374269
6744211	GS2	8	0.023391812865497075
6744211	GS5	12	0.03508771929824561
6744211	GS6	141	0.41228070175438597
6744211	GS8	64	0.1871345029239766
6744211	GS9	6	0.017543859649122806
6744212	GS1	15	0.26785714285714285
6744212	GS6	41	0.7321428571428571
6744214	GS1	88	0.8301886792452831
6744214	GS2	8	0.07547169811320754
6744214	GS3	8	0.07547169811320754
6744214	GS6	2	0.018867924528301886
6744216	GS1	9	0.6923076923076923
6744216	GS11	2	0.15384615384615385
6744216	GS6	2	0.15384615384615385
6744220	GS13	2	0.09523809523809523
6744220	GS4	2	0.09523809523809523
6744220	GS5	2	0.09523809523809523
6744220	GS6	15	0.7142857142857143
6744221	GS2	3	0.2727272727272727
6744221	GS7	8	0.7272727272727273
6744223	GS13	3	1
6744224	GS1	9	0.13636363636363635
6744224	GS3	2	0.030303030303030304
6744224	GS5	49	0.7424242424242424
6744224	GS6	6	0.09090909090909091
6744227	GS14	5	1
6744228	GS1	11	0.004060538944259874
6744228	GS10	12	0.004429678848283499
6744228	GS11	10	0.0036913990402362494
6744228	GS12	46	0.01698043558508675
6744228	GS13	20	0.007382798080472499
6744228	GS14	50	0.01845699520118125
6744228	GS2	4	0.0014765596160944998
6744228	GS3	16	0.005906238464377999
6744228	GS4	8	0.0029531192321889995
6744228	GS5	40	0.014765596160944998
6744228	GS6	17	0.006275378368401624
6744228	GS7	2160	0.7973421926910299
6744228	GS8	250	0.09228497600590624
6744228	GS9	65	0.02399409376153562
6744230	GS1	5	0.29411764705882354
6744230	GS6	12	0.7058823529411765
6744233	GS14	3	0.14285714285714285
6744233	GS5	2	0.09523809523809523
6744233	GS6	2	0.09523809523809523
6744233	GS7	9	0.42857142857142855
6744233	GS9	5	0.23809523809523808
6744236	GS14	2	0.5
6744236	GS2	2	0.5
6744237	GS1	9	0.006198347107438017
6744237	GS10	17	0.011707988980716254
6744237	GS11	10	0.006887052341597796
6744237	GS12	1096	0.7548209366391184
6744237	GS13	38	0.026170798898071626
6744237	GS14	39	0.026859504132231406
6744237	GS2	29	0.01997245179063361
6744237	GS4	4	0.0027548209366391185
6744237	GS6	4	0.0027548209366391185
6744237	GS8	172	0.1184573002754821
6744237	GS9	34	0.023415977961432508
6744241	GS3	2	1
6744249	GS1	11	0.013580246913580247
6744249	GS11	9	0.011111111111111112
6744249	GS12	12	0.014814814814814815
6744249	GS13	278	0.3432098765432099
6744249	GS14	247	0.30493827160493825
6744249	GS2	11	0.013580246913580247
6744249	GS3	8	0.009876543209876543
6744249	GS4	3	0.003703703703703704
6744249	GS5	19	0.02345679012345679
6744249	GS6	3	0.003703703703703704
6744249	GS7	200	0.24691358024691357
6744249	GS8	5	0.006172839506172839
6744249	GS9	4	0.0049382716049382715
6744251	GS13	2	0.5
6744251	GS6	2	0.5
6744252	GS1	3	0.008021390374331552
6744252	GS11	8	0.0213903743315508
6744252	GS12	21	0.05614973262032086
6744252	GS13	70	0.18716577540106952
6744252	GS14	23	0.06149732620320856
6744252	GS2	13	0.034759358288770054
6744252	GS3	9	0.02406417112299465
6744252	GS6	4	0.0106951871657754
6744252	GS7	223	0.5962566844919787
6744255	GS4	2	1
6744259	GS3	3	0.09375
6744259	GS4	2	0.0625
6744259	GS5	27	0.84375
6744263	GS1	6	0.2
6744263	GS2	14	0.4666666666666667
6744263	GS6	10	0.3333333333333333
6744266	GS1	113	0.03715882933245643
6744266	GS10	164	0.053929628411706676
6744266	GS11	38	0.012495889510029596
6744266	GS12	575	0.18908253863860572
6744266	GS13	74	0.024334100624794474
6744266	GS14	6	0.0019730351857941467
6744266	GS2	102	0.033541598158500496
6744266	GS3	7	0.0023018743834265043
6744266	GS5	108	0.03551463334429464
6744266	GS6	87	0.028609010194015128
6744266	GS7	10	0.003288391976323578
6744266	GS8	1252	0.41170667543571193
6744266	GS9	505	0.16606379480434066
6744272	GS1	109	0.07659873506676036
6744272	GS12	33	0.023190442726633873
6744272	GS2	4	0.0028109627547434997
6744272	GS3	2	0.0014054813773717498
6744272	GS5	18	0.012649332396345749
6744272	GS6	1257	0.8833450456781448
6744281	GS6	7	1
6744284	GS6	4	1
6744286	GS1	122	0.21070811744386875
6744286	GS11	2	0.0034542314335060447
6744286	GS3	110	0.18998272884283246
6744286	GS4	345	0.5958549222797928
6744293	GS5	4	1
6744294	GS1	536	0.08438287153652393
6744294	GS14	2	3.1486146095717883e-4
6744294	GS2	19	0.002991183879093199
6744294	GS3	440	0.06926952141057935
6744294	GS4	60	0.009445843828715366
6744294	GS5	12	0.001889168765743073
6744294	GS6	5281	0.8313916876574308
6744294	GS8	2	3.1486146095717883e-4
6744298	GS5	3	1
6744299	GS12	3	1
6744301	GS1	5	0.625
6744301	GS5	3	0.375
6744302	GS1	6	0.6
6744302	GS12	2	0.2
6744302	GS7	2	0.2
6744307	GS1	43	0.01355611601513241
6744307	GS10	4	0.0012610340479192938
6744307	GS12	498	0.15699873896595207
6744307	GS13	4	0.0012610340479192938
6744307	GS14	1995	0.6289407313997478
6744307	GS2	98	0.0308953341740227
6744307	GS3	3	9.457755359394704e-4
6744307	GS4	3	9.457755359394704e-4
6744307	GS5	15	0.004728877679697352
6744307	GS6	20	0.006305170239596469
6744307	GS7	294	0.0926860025220681
6744307	GS8	140	0.044136191677175286
6744307	GS9	55	0.01733921815889029
6744310	GS1	25	0.024437927663734114
6744310	GS10	70	0.06842619745845552
6744310	GS12	17	0.016617790811339198
6744310	GS14	708	0.6920821114369502
6744310	GS2	29	0.028347996089931573
6744310	GS3	3	0.002932551319648094
6744310	GS4	20	0.019550342130987292
6744310	GS7	2	0.0019550342130987292
6744310	GS8	112	0.10948191593352884
6744310	GS9	37	0.03616813294232649
6744311	GS1	139	0.10651340996168582
6744311	GS12	84	0.06436781609195402
6744311	GS3	45	0.034482758620689655
6744311	GS4	13	0.00996168582375479
6744311	GS5	9	0.006896551724137931
6744311	GS6	1015	0.7777777777777778
6744316	GS10	3	8.337965536409116e-4
6744316	GS13	2	5.558643690939411e-4
6744316	GS3	1429	0.3971650917176209
6744316	GS4	146	0.0405780989438577
6744316	GS5	15	0.004168982768204558
6744316	GS6	1994	0.5541967759866593
6744316	GS7	2	5.558643690939411e-4
6744316	GS8	7	0.0019455252918287938
6744317	GS1	4	0.023809523809523808
6744317	GS12	3	0.017857142857142856
6744317	GS14	2	0.011904761904761904
6744317	GS3	2	0.011904761904761904
6744317	GS4	6	0.03571428571428571
6744317	GS6	8	0.047619047619047616
6744317	GS7	143	0.8511904761904762
6744318	GS1	35	0.010599636583888553
6744318	GS11	235	0.07116898849182314
6744318	GS12	1413	0.42792247122955784
6744318	GS13	159	0.04815263476680799
6744318	GS14	871	0.2637795275590551
6744318	GS2	72	0.021804966686856452
6744318	GS3	40	0.012113870381586917
6744318	GS4	4	0.0012113870381586917
6744318	GS5	310	0.09388249545729861
6744318	GS6	19	0.005754088431253785
6744318	GS7	130	0.03937007874015748
6744318	GS8	8	0.0024227740763173833
6744318	GS9	6	0.0018170805572380376
6744320	GS1	3	0.0044444444444444444
6744320	GS11	36	0.05333333333333334
6744320	GS12	9	0.013333333333333334
6744320	GS14	7	0.01037037037037037
6744320	GS5	8	0.011851851851851851
6744320	GS6	113	0.1674074074074074
6744320	GS7	499	0.7392592592592593
6744321	GS6	8	1
6744323	GS3	5	0.29411764705882354
6744323	GS6	12	0.7058823529411765
6744324	GS1	83	0.6194029850746269
6744324	GS12	3	0.022388059701492536
6744324	GS2	8	0.05970149253731343
6744324	GS6	40	0.29850746268656714
6744325	GS1	58	0.2510822510822511
6744325	GS3	4	0.017316017316017316
6744325	GS7	169	0.7316017316017316
6744327	GS1	8	0.03305785123966942
6744327	GS12	3	0.012396694214876033
6744327	GS14	173	0.7148760330578512
6744327	GS2	25	0.10330578512396695
6744327	GS3	3	0.012396694214876033
6744327	GS4	2	0.008264462809917356
6744327	GS8	16	0.06611570247933884
6744327	GS9	12	0.049586776859504134
6744328	GS3	12	0.41379310344827586
6744328	GS4	5	0.1724137931034483
6744328	GS5	10	0.3448275862068966
6744328	GS7	2	0.06896551724137931
6744330	GS5	104	0.8666666666666667
6744330	GS6	16	0.13333333333333333
6744333	GS5	9	0.12857142857142856
6744333	GS6	61	0.8714285714285714
6744336	GS1	2	0.016129032258064516
6744336	GS11	5	0.04032258064516129
6744336	GS12	12	0.0967741935483871
6744336	GS5	22	0.1774193548387097
6744336	GS7	83	0.6693548387096774
6744337	GS1	108	0.3375
6744337	GS11	11	0.034375
6744337	GS12	2	0.00625
6744337	GS2	177	0.553125
6744337	GS3	4	0.0125
6744337	GS6	3	0.009375
6744337	GS7	3	0.009375
6744337	GS8	12	0.0375
6744341	GS1	6	0.10909090909090909
6744341	GS6	49	0.8909090909090909
6744344	GS3	8	1
6744345	GS6	2	1
6744347	GS1	7	0.0019347705914870095
6744347	GS10	12	0.003316749585406302
6744347	GS3	18	0.004975124378109453
6744347	GS4	3	8.291873963515755e-4
6744347	GS5	49	0.013543394140409067
6744347	GS6	3527	0.9748479823106688
6744347	GS8	2	5.52791597567717e-4
6744348	GS11	52	0.06153846153846154
6744348	GS12	486	0.5751479289940828
6744348	GS14	27	0.03195266272189349
6744348	GS3	2	0.002366863905325444
6744348	GS4	2	0.002366863905325444
6744348	GS7	273	0.3230769230769231
6744348	GS9	3	0.0035502958579881655
6744349	GS4	4	1
6744350	GS6	2	1
6744351	GS1	134	0.24100719424460432
6744351	GS11	3	0.00539568345323741
6744351	GS14	82	0.1474820143884892
6744351	GS2	35	0.06294964028776978
6744351	GS4	2	0.0035971223021582736
6744351	GS5	70	0.12589928057553956
6744351	GS6	3	0.00539568345323741
6744351	GS7	222	0.39928057553956836
6744351	GS8	5	0.008992805755395683
6744354	GS1	917	0.5346938775510204
6744354	GS2	47	0.02740524781341108
6744354	GS3	36	0.02099125364431487
6744354	GS4	7	0.004081632653061225
6744354	GS5	2	0.0011661807580174927
6744354	GS6	706	0.41166180758017495
6744357	GS1	42	0.007376185458377239
6744357	GS12	161	0.028275377590446085
6744357	GS13	146	0.02564102564102564
6744357	GS14	4	7.024938531787847e-4
6744357	GS2	73	0.01282051282051282
6744357	GS3	27	0.004741833508956797
6744357	GS4	40	0.007024938531787847
6744357	GS7	5195	0.9123638918159466
6744357	GS8	6	0.001053740779768177
6744359	GS6	19	1
6744363	GS11	3	0.046153846153846156
6744363	GS12	8	0.12307692307692308
6744363	GS13	7	0.1076923076923077
6744363	GS14	3	0.046153846153846156
6744363	GS7	44	0.676923076923077
6744364	GS1	11	0.2558139534883721
6744364	GS3	24	0.5581395348837209
6744364	GS4	6	0.13953488372093023
6744364	GS6	2	0.046511627906976744
6744368	GS1	11	0.031791907514450865
6744368	GS10	3	0.008670520231213872
6744368	GS12	6	0.017341040462427744
6744368	GS13	2	0.005780346820809248
6744368	GS3	33	0.0953757225433526
6744368	GS4	5	0.014450867052023121
6744368	GS5	6	0.017341040462427744
6744368	GS6	280	0.8092485549132948
6744369	GS1	36	0.11145510835913312
6744369	GS3	18	0.05572755417956656
6744369	GS4	2	0.006191950464396285
6744369	GS5	6	0.018575851393188854
6744369	GS6	255	0.7894736842105263
6744369	GS7	6	0.018575851393188854
6744372	GS1	8	0.6666666666666666
6744372	GS11	2	0.16666666666666666
6744372	GS2	2	0.16666666666666666
6744377	GS1	599	0.5190641247833622
6744377	GS3	33	0.02859618717504333
6744377	GS4	2	0.0017331022530329288
6744377	GS5	520	0.4506065857885615
6744379	GS1	10	0.37037037037037035
6744379	GS6	17	0.6296296296296297
6744380	GS1	3	0.6
6744380	GS2	2	0.4
6744382	GS6	3	1
6744383	GS6	2	1
6744387	GS3	2	0.05405405405405406
6744387	GS4	2	0.05405405405405406
6744387	GS7	31	0.8378378378378378
6744387	GS9	2	0.05405405405405406
6744388	GS1	81	0.07956777996070727
6744388	GS10	2	0.0019646365422396855
6744388	GS13	7	0.0068762278978389
6744388	GS14	2	0.0019646365422396855
6744388	GS2	4	0.003929273084479371
6744388	GS4	3	0.0029469548133595285
6744388	GS5	64	0.06286836935166994
6744388	GS6	817	0.8025540275049116
6744388	GS7	32	0.03143418467583497
6744388	GS8	4	0.003929273084479371
6744388	GS9	2	0.0019646365422396855
6744389	GS3	45	0.8333333333333334
6744389	GS4	9	0.16666666666666666
6744397	GS13	2	7.538635506973238e-4
6744397	GS3	20	0.007538635506973238
6744397	GS4	35	0.013192612137203167
6744397	GS5	1023	0.3856012061816811
6744397	GS6	1556	0.5865058424425179
6744397	GS7	17	0.006407840180927252
6744398	GS1	1439	0.3260820303648312
6744398	GS11	2	4.5320643553138455e-4
6744398	GS13	13	0.0029458418309539994
6744398	GS2	19	0.0043054611375481534
6744398	GS4	12	0.002719238613188307
6744398	GS5	2928	0.663494221617947
6744400	GS1	55	0.03333333333333333
6744400	GS12	77	0.04666666666666667
6744400	GS5	18	0.01090909090909091
6744400	GS6	1498	0.9078787878787878
6744400	GS7	2	0.0012121212121212121
6744402	GS1	82	0.024354024354024353
6744402	GS12	32	0.009504009504009503
6744402	GS13	9	0.002673002673002673
6744402	GS2	646	0.19186219186219186
6744402	GS3	53	0.015741015741015742
6744402	GS4	33	0.009801009801009801
6744402	GS5	2277	0.6762696762696763
6744402	GS6	4	0.001188001188001188
6744402	GS7	226	0.06712206712206713
6744402	GS9	5	0.001485001485001485
6744406	GS7	3	1
6744407	GS1	887	0.3863240418118467
6744407	GS10	3	0.0013066202090592336
6744407	GS2	103	0.04486062717770035
6744407	GS3	7	0.003048780487804878
6744407	GS5	1291	0.5622822299651568
6744407	GS8	2	8.710801393728223e-4
6744407	GS9	3	0.0013066202090592336
6744409	GS1	3	0.002277904328018223
6744409	GS12	442	0.33561123766135154
6744409	GS14	7	0.005315110098709187
6744409	GS2	9	0.00683371298405467
6744409	GS6	3	0.002277904328018223
6744409	GS7	851	0.6461655277145026
6744409	GS8	2	0.0015186028853454822
6744410	GS1	18	0.03821656050955414
6744410	GS12	2	0.004246284501061571
6744410	GS14	143	0.3036093418259023
6744410	GS3	10	0.021231422505307854
6744410	GS5	17	0.036093418259023353
6744410	GS6	281	0.5966029723991507
6744412	GS12	9	0.07758620689655173
6744412	GS14	27	0.23275862068965517
6744412	GS2	2	0.017241379310344827
6744412	GS7	74	0.6379310344827587
6744412	GS8	2	0.017241379310344827
6744412	GS9	2	0.017241379310344827
6744413	GS3	36	0.6101694915254238
6744413	GS4	11	0.1864406779661017
6744413	GS6	12	0.2033898305084746
6744414	GS4	2	0.08
6744414	GS5	23	0.92
6744417	GS6	2	1
6744418	GS6	2	1
6744419	GS11	3	0.012096774193548387
6744419	GS12	4	0.016129032258064516
6744419	GS13	87	0.35080645161290325
6744419	GS2	3	0.012096774193548387
6744419	GS5	42	0.1693548387096774
6744419	GS6	6	0.024193548387096774
6744419	GS7	101	0.40725806451612906
6744419	GS8	2	0.008064516129032258
6744420	GS6	8	1
6744424	GS5	2	1
6744426	GS1	45	0.037562604340567615
6744426	GS11	15	0.012520868113522538
6744426	GS12	29	0.024207011686143573
6744426	GS13	182	0.15191986644407346
6744426	GS14	7	0.005843071786310518
6744426	GS2	87	0.07262103505843072
6744426	GS3	11	0.009181969949916527
6744426	GS4	6	0.005008347245409015
6744426	GS5	30	0.025041736227045076
6744426	GS6	3	0.0025041736227045075
6744426	GS7	758	0.6327212020033389
6744426	GS8	13	0.010851419031719533
6744426	GS9	12	0.01001669449081803
6744427	GS5	3	0.1875
6744427	GS6	3	0.1875
6744427	GS7	10	0.625
6744428	GS1	301	0.31784582893347413
6744428	GS12	412	0.4350580781414995
6744428	GS2	9	0.009503695881731784
6744428	GS3	29	0.030623020063357972
6744428	GS5	10	0.010559662090813094
6744428	GS6	186	0.19640971488912354
6744430	GS6	3	1
6744433	GS10	5	0.043859649122807015
6744433	GS13	15	0.13157894736842105
6744433	GS14	30	0.2631578947368421
6744433	GS2	10	0.08771929824561403
6744433	GS4	7	0.06140350877192982
6744433	GS7	6	0.05263157894736842
6744433	GS8	39	0.34210526315789475
6744433	GS9	2	0.017543859649122806
6744435	GS1	5	0.018656716417910446
6744435	GS10	22	0.08208955223880597
6744435	GS12	24	0.08955223880597014
6744435	GS13	15	0.055970149253731345
6744435	GS14	14	0.05223880597014925
6744435	GS2	33	0.12313432835820895
6744435	GS4	2	0.007462686567164179
6744435	GS5	5	0.018656716417910446
6744435	GS7	91	0.33955223880597013
6744435	GS8	44	0.16417910447761194
6744435	GS9	13	0.048507462686567165
6744439	GS1	18	0.006196213425129088
6744439	GS12	161	0.05542168674698795
6744439	GS14	2	6.884681583476765e-4
6744439	GS2	118	0.04061962134251291
6744439	GS3	2	6.884681583476765e-4
6744439	GS4	10	0.0034423407917383822
6744439	GS5	984	0.3387263339070568
6744439	GS7	1600	0.5507745266781411
6744439	GS9	10	0.0034423407917383822
6744440	GS1	4	1
6744449	GS6	2	1
6744450	GS4	2	1
6744452	GS12	4	0.2
6744452	GS14	2	0.1
6744452	GS3	2	0.1
6744452	GS5	7	0.35
6744452	GS6	3	0.15
6744452	GS9	2	0.1
6744453	GS13	2	0.5
6744453	GS14	2	0.5
6744457	GS1	23	0.8214285714285714
6744457	GS3	5	0.17857142857142858
6744459	GS1	52	0.07222222222222222
6744459	GS3	7	0.009722222222222222
6744459	GS5	657	0.9125
6744459	GS6	4	0.005555555555555556
6744463	GS7	4	1
6744469	GS1	2	0.4
6744469	GS5	3	0.6
6744473	GS1	13	0.4642857142857143
6744473	GS7	15	0.5357142857142857
6744474	GS1	4	0.009950248756218905
6744474	GS12	58	0.14427860696517414
6744474	GS14	3	0.007462686567164179
6744474	GS2	9	0.022388059701492536
6744474	GS4	2	0.004975124378109453
6744474	GS5	52	0.12935323383084577
6744474	GS7	274	0.681592039800995
6744478	GS5	5	1
6744483	GS7	5	1
6744486	GS1	8	0.01309328968903437
6744486	GS10	37	0.060556464811783964
6744486	GS12	42	0.06873977086743044
6744486	GS13	4	0.006546644844517185
6744486	GS14	372	0.60883797054009825
6744486	GS2	16	0.02618657937806874
6744486	GS5	2	0.0032733224222585926
6744486	GS6	2	0.0032733224222585926
6744486	GS7	2	0.0032733224222585926
6744486	GS8	96	0.15711947626841244
6744486	GS9	30	0.049099836333878884
6744489	GS1	3	0.008264462809917356
6744489	GS10	2	0.005509641873278237
6744489	GS12	124	0.3415977961432507
6744489	GS13	159	0.4380165289256198
6744489	GS14	6	0.01652892561983471
6744489	GS2	7	0.01928374655647383
6744489	GS5	4	0.011019283746556474
6744489	GS7	58	0.15977961432506887
6744491	GS14	7	1
6744492	GS7	2	1
6744493	GS1	50	0.3968253968253968
6744493	GS10	3	0.023809523809523808
6744493	GS11	7	0.05555555555555555
6744493	GS2	49	0.3888888888888889
6744493	GS3	3	0.023809523809523808
6744493	GS8	14	0.1111111111111111
6744494	GS5	9	1
6744496	GS1	38	0.07265774378585087
6744496	GS10	10	0.019120458891013385
6744496	GS12	18	0.03441682600382409
6744496	GS14	341	0.6520076481835564
6744496	GS2	24	0.045889101338432124
6744496	GS7	2	0.0038240917782026767
6744496	GS8	80	0.15296367112810708
6744496	GS9	10	0.019120458891013385
6744498	GS1	92	0.13086770981507823
6744498	GS2	35	0.049786628733997154
6744498	GS3	17	0.02418207681365576
6744498	GS4	11	0.015647226173541962
6744498	GS5	37	0.05263157894736842
6744498	GS6	508	0.7226173541963016
6744498	GS9	3	0.004267425320056899
6744500	GS1	4	0.0024554941682013503
6744500	GS10	5	0.003069367710251688
6744500	GS11	9	0.0055248618784530384
6744500	GS12	3	0.001841620626151013
6744500	GS13	270	0.16574585635359115
6744500	GS14	110	0.06752608962553713
6744500	GS2	5	0.003069367710251688
6744500	GS3	19	0.011663597298956415
6744500	GS4	5	0.003069367710251688
6744500	GS5	139	0.08532842234499693
6744500	GS6	76	0.04665438919582566
6744500	GS7	974	0.5979128299570289
6744500	GS8	10	0.006138735420503376
6744503	GS1	2	0.006369426751592357
6744503	GS12	13	0.041401273885350316
6744503	GS5	9	0.028662420382165606
6744503	GS6	290	0.9235668789808917
6744504	GS1	7	0.05982905982905983
6744504	GS12	12	0.10256410256410256
6744504	GS14	34	0.2905982905982906
6744504	GS2	2	0.017094017094017096
6744504	GS3	21	0.1794871794871795
6744504	GS4	3	0.02564102564102564
6744504	GS5	3	0.02564102564102564
6744504	GS6	4	0.03418803418803419
6744504	GS7	2	0.017094017094017096
6744504	GS8	26	0.2222222222222222
6744504	GS9	3	0.02564102564102564
6744506	GS6	5	1
6744508	GS12	2	0.18181818181818182
6744508	GS4	2	0.18181818181818182
6744508	GS6	7	0.6363636363636364
6744509	GS6	10	1
6744510	GS1	154	0.25538971807628524
6744510	GS11	2	0.003316749585406302
6744510	GS13	3	0.004975124378109453
6744510	GS2	344	0.5704809286898839
6744510	GS3	33	0.05472636815920398
6744510	GS4	61	0.1011608623548922
6744510	GS5	2	0.003316749585406302
6744510	GS6	4	0.006633499170812604
6744511	GS1	35	0.21875
6744511	GS5	125	0.78125
6744512	GS1	111	0.08396369137670197
6744512	GS14	860	0.6505295007564297
6744512	GS2	288	0.2178517397881997
6744512	GS3	15	0.0113464447806354
6744512	GS4	35	0.0264750378214826
6744512	GS6	4	0.0030257186081694403
6744512	GS9	9	0.00680786686838124
6744513	GS12	2	1
6744514	GS1	41	0.027188328912466843
6744514	GS10	13	0.008620689655172414
6744514	GS12	147	0.09748010610079576
6744514	GS13	93	0.0616710875331565
6744514	GS14	45	0.029840848806366047
6744514	GS2	126	0.08355437665782493
6744514	GS3	37	0.02453580901856764
6744514	GS4	16	0.010610079575596816
6744514	GS7	828	0.5490716180371353
6744514	GS8	147	0.09748010610079576
6744514	GS9	15	0.009946949602122016
6744516	GS1	24	0.016597510373443983
6744516	GS10	2	0.0013831258644536654
6744516	GS12	127	0.08782849239280774
6744516	GS13	7	0.004840940525587829
6744516	GS14	984	0.6804979253112033
6744516	GS2	115	0.07952973720608575
6744516	GS3	10	0.006915629322268326
6744516	GS4	14	0.009681881051175657
6744516	GS5	8	0.005532503457814661
6744516	GS8	33	0.022821576763485476
6744516	GS9	122	0.08437067773167359
6744522	GS1	13	0.006670087224217547
6744522	GS10	6	0.0030785017957927143
6744522	GS12	571	0.29297075423293995
6744522	GS13	1010	0.5182144689584403
6744522	GS2	45	0.023088763468445357
6744522	GS5	53	0.02719343252950231
6744522	GS6	7	0.0035915854284248334
6744522	GS7	158	0.08106721395587481
6744522	GS8	77	0.03950743971267317
6744522	GS9	9	0.004617752693689072
6744524	GS1	17	0.13821138211382114
6744524	GS3	20	0.16260162601626016
6744524	GS4	86	0.6991869918699187
6744526	GS6	3	1
6744531	GS12	4	1
6744532	GS1	455	0.47150259067357514
6744532	GS12	327	0.338860103626943
6744532	GS2	33	0.03419689119170984
6744532	GS3	118	0.12227979274611399
6744532	GS4	13	0.013471502590673576
6744532	GS5	13	0.013471502590673576
6744532	GS6	6	0.0062176165803108805
6744533	GS10	41	0.12023460410557185
6744533	GS12	73	0.21407624633431085
6744533	GS14	10	0.02932551319648094
6744533	GS2	3	0.008797653958944282
6744533	GS3	4	0.011730205278592375
6744533	GS5	18	0.05278592375366569
6744533	GS7	2	0.005865102639296188
6744533	GS8	134	0.39296187683284456
6744533	GS9	56	0.16422287390029325
6744536	GS1	26	0.07492795389048991
6744536	GS12	11	0.03170028818443804
6744536	GS13	30	0.08645533141210375
6744536	GS14	6	0.01729106628242075
6744536	GS2	46	0.13256484149855907
6744536	GS3	4	0.011527377521613832
6744536	GS4	3	0.008645533141210375
6744536	GS5	17	0.04899135446685879
6744536	GS6	2	0.005763688760806916
6744536	GS7	202	0.5821325648414986
6744540	GS1	3	0.23076923076923078
6744540	GS6	8	0.6153846153846154
6744540	GS7	2	0.15384615384615385
6744541	GS5	2	0.125
6744541	GS6	14	0.875
6744542	GS12	5	0.11363636363636363
6744542	GS14	39	0.8863636363636364
6744543	GS1	11	0.017432646592709985
6744543	GS14	583	0.9239302694136292
6744543	GS2	10	0.01584786053882726
6744543	GS3	6	0.009508716323296355
6744543	GS4	18	0.028526148969889066
6744543	GS9	3	0.004754358161648178
6744545	GS1	4	0.16666666666666666
6744545	GS5	14	0.5833333333333334
6744545	GS6	2	0.08333333333333333
6744545	GS7	4	0.16666666666666666
6744550	GS5	2	1
6744551	GS1	20	0.7142857142857143
6744551	GS12	2	0.07142857142857142
6744551	GS5	2	0.07142857142857142
6744551	GS6	4	0.14285714285714285
6744552	GS1	376	0.2988871224165342
6744552	GS12	5	0.00397456279809221
6744552	GS2	29	0.023052464228934817
6744552	GS3	2	0.001589825119236884
6744552	GS5	840	0.6677265500794912
6744552	GS8	6	0.0047694753577106515
6744557	GS1	759	0.15819091288036682
6744557	GS10	9	0.0018757815756565235
6744557	GS13	2	4.1684035014589413e-4
6744557	GS2	203	0.04230929553980825
6744557	GS3	52	0.010837849103793247
6744557	GS4	18	0.003751563151313047
6744557	GS5	32	0.006669445602334306
6744557	GS6	3717	0.7746977907461442
6744557	GS8	3	6.252605252188412e-4
6744557	GS9	3	6.252605252188412e-4
6744558	GS1	2343	0.29218106995884774
6744558	GS13	8	9.97630627260257e-4
6744558	GS2	28	0.003491707195410899
6744558	GS3	9	0.001122334455667789
6744558	GS4	68	0.008479860331712184
6744558	GS5	5540	0.6908592093777279
6744558	GS6	23	0.0028681880533732384
6744560	GS13	2	1
6744566	GS13	3	0.25
6744566	GS5	9	0.75
6744575	GS1	21	0.01664025356576862
6744575	GS10	3	0.002377179080824089
6744575	GS12	15	0.011885895404120444
6744575	GS13	9	0.0071315372424722665
6744575	GS14	9	0.0071315372424722665
6744575	GS2	13	0.010301109350237718
6744575	GS5	89	0.0705229793977813
6744575	GS6	1085	0.8597464342313788
6744575	GS7	5	0.003961965134706815
6744575	GS8	11	0.008716323296354992
6744575	GS9	2	0.001584786053882726
6744580	GS1	2	0.00796812749003984
6744580	GS11	3	0.01195219123505976
6744580	GS12	6	0.02390438247011952
6744580	GS14	157	0.6254980079681275
6744580	GS2	56	0.22310756972111553
6744580	GS3	3	0.01195219123505976
6744580	GS8	16	0.06374501992031872
6744580	GS9	8	0.03187250996015936
6744583	GS1	41	0.7592592592592593
6744583	GS12	3	0.05555555555555555
6744583	GS14	2	0.037037037037037035
6744583	GS2	2	0.037037037037037035
6744583	GS4	2	0.037037037037037035
6744583	GS7	4	0.07407407407407407
6744586	GS6	4	1
6744588	GS13	2	1
6744589	GS1	45	0.05263157894736842
6744589	GS10	4	0.004678362573099415
6744589	GS12	20	0.023391812865497075
6744589	GS2	11	0.012865497076023392
6744589	GS3	22	0.025730994152046785
6744589	GS4	6	0.007017543859649123
6744589	GS5	19	0.022222222222222223
6744589	GS6	706	0.8257309941520468
6744589	GS7	22	0.025730994152046785
6744590	GS6	3	0.5
6744590	GS7	3	0.5
6744591	GS5	5	1
6744594	GS7	12	0.6666666666666666
6744594	GS8	6	0.3333333333333333
6744596	GS3	6	0.01662049861495845
6744596	GS4	15	0.04155124653739612
6744596	GS5	245	0.6786703601108033
6744596	GS6	83	0.2299168975069252
6744596	GS7	12	0.0332409972299169
6744597	GS1	5	0.10416666666666667
6744597	GS12	2	0.041666666666666664
6744597	GS14	12	0.25
6744597	GS2	7	0.14583333333333334
6744597	GS4	2	0.041666666666666664
6744597	GS5	11	0.22916666666666666
6744597	GS6	4	0.08333333333333333
6744597	GS7	5	0.10416666666666667
6744602	GS5	7	1
6744604	GS1	9	0.5625
6744604	GS6	7	0.4375
6744605	GS1	134	0.05537190082644628
6744605	GS12	50	0.02066115702479339
6744605	GS2	7	0.002892561983471074
6744605	GS3	47	0.019421487603305785
6744605	GS4	10	0.004132231404958678
6744605	GS5	11	0.004545454545454545
6744605	GS6	2161	0.8929752066115703
6744607	GS3	2	1
6744608	GS1	17	0.08900523560209424
6744608	GS10	40	0.2094240837696335
6744608	GS12	2	0.010471204188481676
6744608	GS14	12	0.06282722513089005
6744608	GS2	11	0.05759162303664921
6744608	GS4	5	0.02617801047120419
6744608	GS8	83	0.43455497382198954
6744608	GS9	21	0.1099476439790576
6744610	GS1	14	0.09929078014184398
6744610	GS2	7	0.04964539007092199
6744610	GS6	84	0.5957446808510638
6744610	GS7	36	0.2553191489361702
6744612	GS1	94	0.9591836734693877
6744612	GS14	2	0.02040816326530612
6744612	GS2	2	0.02040816326530612
6744614	GS1	2	7.254261878853826e-4
6744614	GS12	363	0.13166485310119697
6744614	GS13	2	7.254261878853826e-4
6744614	GS14	8	0.0029017047515415306
6744614	GS2	36	0.013057671381936888
6744614	GS3	21	0.007616974972796518
6744614	GS4	83	0.03010518679724338
6744614	GS5	2242	0.8132027566195139
6744615	GS1	563	0.5686868686868687
6744615	GS12	8	0.00808080808080808
6744615	GS14	2	0.00202020202020202
6744615	GS2	98	0.09898989898989899
6744615	GS4	7	0.007070707070707071
6744615	GS5	13	0.013131313131313131
6744615	GS6	299	0.302020202020202
6744621	GS1	6	0.056074766355140186
6744621	GS12	7	0.06542056074766354
6744621	GS14	4	0.037383177570093455
6744621	GS2	4	0.037383177570093455
6744621	GS3	3	0.028037383177570093
6744621	GS5	7	0.06542056074766354
6744621	GS7	76	0.7102803738317757
6744622	GS1	3	0.006276150627615063
6744622	GS11	6	0.012552301255230125
6744622	GS12	4	0.008368200836820083
6744622	GS13	179	0.37447698744769875
6744622	GS14	8	0.016736401673640166
6744622	GS2	2	0.0041841004184100415
6744622	GS5	61	0.12761506276150628
6744622	GS6	2	0.0041841004184100415
6744622	GS7	213	0.4456066945606695
6744624	GS1	2	0.09090909090909091
6744624	GS2	6	0.2727272727272727
6744624	GS5	11	0.5
6744624	GS7	3	0.13636363636363635
6744626	GS1	3	0.23076923076923078
6744626	GS3	2	0.15384615384615385
6744626	GS6	8	0.6153846153846154
6744628	GS1	3	0.2
6744628	GS2	5	0.3333333333333333
6744628	GS7	7	0.4666666666666667
6744631	GS1	404	0.39453125
6744631	GS12	41	0.0400390625
6744631	GS2	25	0.0244140625
6744631	GS3	16	0.015625
6744631	GS4	5	0.0048828125
6744631	GS5	529	0.5166015625
6744631	GS6	2	0.001953125
6744631	GS8	2	0.001953125
6744633	GS13	3	0.013761467889908258
6744633	GS5	213	0.9770642201834863
6744633	GS6	2	0.009174311926605505
6744634	GS1	27	0.07563025210084033
6744634	GS12	10	0.028011204481792718
6744634	GS14	266	0.7450980392156863
6744634	GS2	51	0.14285714285714285
6744634	GS9	3	0.008403361344537815
6744637	GS1	61	0.8356164383561644
6744637	GS2	5	0.0684931506849315
6744637	GS3	7	0.0958904109589041
6744642	GS5	2	0.4
6744642	GS6	3	0.6
6744643	GS1	5	0.025
6744643	GS12	11	0.055
6744643	GS3	6	0.03
6744643	GS4	2	0.01
6744643	GS5	3	0.015
6744643	GS6	173	0.865
6744644	GS10	99	0.309375
6744644	GS11	2	0.00625
6744644	GS12	5	0.015625
6744644	GS14	61	0.190625
6744644	GS3	48	0.15
6744644	GS4	73	0.228125
6744644	GS6	16	0.05
6744644	GS7	12	0.0375
6744644	GS8	4	0.0125
6744647	GS1	313	0.08017418032786885
6744647	GS10	15	0.0038422131147540983
6744647	GS12	88	0.022540983606557378
6744647	GS2	2	5.122950819672131e-4
6744647	GS3	85	0.021772540983606557
6744647	GS4	19	0.004866803278688525
6744647	GS5	76	0.0194672131147541
6744647	GS6	3304	0.8463114754098361
6744647	GS8	2	5.122950819672131e-4
6744648	GS1	33	0.0532258064516129
6744648	GS13	3	0.004838709677419355
6744648	GS2	12	0.01935483870967742
6744648	GS3	38	0.06129032258064516
6744648	GS4	68	0.10967741935483871
6744648	GS5	17	0.027419354838709678
6744648	GS6	14	0.02258064516129032
6744648	GS7	435	0.7016129032258065
6744650	GS1	19	0.2289156626506024
6744650	GS5	62	0.7469879518072289
6744650	GS6	2	0.024096385542168676
6744652	GS1	337	0.10017835909631391
6744652	GS11	2	5.945303210463733e-4
6744652	GS12	340	0.10107015457788347
6744652	GS3	126	0.03745541022592152
6744652	GS4	48	0.014268727705112961
6744652	GS5	57	0.01694411414982164
6744652	GS6	2454	0.7294887039239001
6744654	GS1	6	0.015037593984962405
6744654	GS12	6	0.015037593984962405
6744654	GS3	16	0.040100250626566414
6744654	GS5	7	0.017543859649122806
6744654	GS6	364	0.9122807017543859
6744659	GS1	11	0.3055555555555556
6744659	GS2	10	0.2777777777777778
6744659	GS6	15	0.4166666666666667
6744660	GS5	3	1
6744661	GS14	8	1
6744662	GS1	3	1
6744666	GS1	7	0.006647673314339981
6744666	GS10	11	0.010446343779677113
6744666	GS12	707	0.671415004748338
6744666	GS14	259	0.2459639126305793
6744666	GS3	6	0.005698005698005698
6744666	GS6	2	0.001899335232668566
6744666	GS7	3	0.002849002849002849
6744666	GS8	46	0.04368471035137702
6744666	GS9	12	0.011396011396011397
6744668	GS1	178	0.227330779054917
6744668	GS13	2	0.002554278416347382
6744668	GS2	79	0.10089399744572158
6744668	GS3	11	0.0140485312899106
6744668	GS5	48	0.06130268199233716
6744668	GS6	459	0.5862068965517241
6744668	GS8	3	0.0038314176245210726
6744668	GS9	3	0.0038314176245210726
6744672	GS1	185	0.20833333333333334
6744672	GS13	5	0.00563063063063063
6744672	GS14	460	0.5180180180180181
6744672	GS2	156	0.17567567567567569
6744672	GS3	28	0.03153153153153153
6744672	GS4	45	0.05067567567567568
6744672	GS9	9	0.010135135135135136
6744675	GS13	24	0.36923076923076925
6744675	GS5	9	0.13846153846153847
6744675	GS7	32	0.49230769230769234
6744677	GS1	8	0.003784295175023652
6744677	GS10	17	0.00804162724692526
6744677	GS3	11	0.005203405865657522
6744677	GS4	2	9.46073793755913e-4
6744677	GS5	29	0.013718070009460738
6744677	GS6	2044	0.9668874172185431
6744677	GS8	3	0.0014191106906338694
6744678	GS3	2	0.4
6744678	GS5	3	0.6
6744681	GS1	11	0.021484375
6744681	GS2	4	0.0078125
6744681	GS3	14	0.02734375
6744681	GS5	2	0.00390625
6744681	GS6	479	0.935546875
6744681	GS7	2	0.00390625
6744682	GS14	3	1
6744683	GS6	2	1
6744686	GS1	3	0.010830324909747292
6744686	GS12	23	0.08303249097472924
6744686	GS13	60	0.21660649819494585
6744686	GS14	149	0.5379061371841155
6744686	GS2	2	0.007220216606498195
6744686	GS3	8	0.02888086642599278
6744686	GS5	2	0.007220216606498195
6744686	GS6	2	0.007220216606498195
6744686	GS7	5	0.018050541516245487
6744686	GS8	23	0.08303249097472924
6744687	GS6	5	1
6744688	GS1	6	0.015
6744688	GS13	302	0.755
6744688	GS14	26	0.065
6744688	GS2	10	0.025
6744688	GS3	6	0.015
6744688	GS5	2	0.005
6744688	GS7	4	0.01
6744688	GS8	34	0.085
6744688	GS9	10	0.025
6744690	GS14	8	1
6744697	GS6	4	1
6744698	GS1	3	0.0297029702970297
6744698	GS5	13	0.12871287128712872
6744698	GS6	85	0.8415841584158416
6744699	GS1	48	0.14328358208955225
6744699	GS12	3	0.008955223880597015
6744699	GS2	7	0.020895522388059702
6744699	GS6	277	0.826865671641791
6744703	GS1	13	0.014332965821389196
6744703	GS11	3	0.0033076074972436605
6744703	GS12	2	0.002205071664829107
6744703	GS13	6	0.006615214994487321
6744703	GS14	351	0.3869900771775083
6744703	GS2	8	0.008820286659316428
6744703	GS3	3	0.0033076074972436605
6744703	GS4	2	0.002205071664829107
6744703	GS5	11	0.012127894156560088
6744703	GS6	11	0.012127894156560088
6744703	GS7	492	0.5424476295479603
6744703	GS8	5	0.005512679162072767
6744704	GS1	13	1
6744712	GS1	540	0.6020066889632107
6744712	GS2	31	0.03455964325529543
6744712	GS3	72	0.0802675585284281
6744712	GS4	61	0.06800445930880714
6744712	GS5	6	0.006688963210702341
6744712	GS6	183	0.2040133779264214
6744712	GS7	4	0.004459308807134894
6744714	GS1	175	0.26555386949924126
6744714	GS13	7	0.010622154779969651
6744714	GS2	7	0.010622154779969651
6744714	GS5	38	0.057663125948406675
6744714	GS6	415	0.629742033383915
6744714	GS7	14	0.021244309559939303
6744714	GS8	3	0.004552352048558422
6744715	GS1	3	1
6744716	GS1	105	0.08845829823083404
6744716	GS11	16	0.013479359730412805
6744716	GS12	70	0.05897219882055602
6744716	GS13	16	0.013479359730412805
6744716	GS14	491	0.413647851727043
6744716	GS2	153	0.12889637742207244
6744716	GS3	6	0.005054759898904802
6744716	GS4	4	0.003369839932603201
6744716	GS5	44	0.03706823925863521
6744716	GS6	117	0.09856781802864364
6744716	GS7	160	0.13479359730412804
6744716	GS8	3	0.002527379949452401
6744716	GS9	2	0.0016849199663016006
6744717	GS6	4	1
6744719	GS1	6	0.10344827586206896
6744719	GS13	9	0.15517241379310345
6744719	GS3	16	0.27586206896551724
6744719	GS4	25	0.43103448275862066
6744719	GS6	2	0.034482758620689655
6744720	GS5	64	1
6744722	GS1	1686	0.8137065637065637
6744722	GS11	2	9.652509652509653e-4
6744722	GS2	42	0.02027027027027027
6744722	GS3	191	0.09218146718146718
6744722	GS4	151	0.07287644787644787
6744724	GS1	2	0.5
6744724	GS7	2	0.5
6744725	GS3	3	0.07142857142857142
6744725	GS5	22	0.5238095238095238
6744725	GS6	17	0.40476190476190477
6744732	GS13	53	0.32919254658385094
6744732	GS14	35	0.21739130434782608
6744732	GS3	2	0.012422360248447204
6744732	GS7	71	0.4409937888198758
6744734	GS1	79	0.3319327731092437
6744734	GS2	10	0.04201680672268908
6744734	GS5	149	0.6260504201680672
6744736	GS5	25	1
6744738	GS1	16	0.007858546168958742
6744738	GS10	100	0.04911591355599214
6744738	GS12	805	0.39538310412573674
6744738	GS14	694	0.34086444007858546
6744738	GS3	5	0.002455795677799607
6744738	GS4	6	0.0029469548133595285
6744738	GS5	24	0.011787819253438114
6744738	GS6	40	0.019646365422396856
6744738	GS8	10	0.004911591355599214
6744738	GS9	336	0.1650294695481336
6744740	GS1	8	0.025889967637540454
6744740	GS12	62	0.20064724919093851
6744740	GS14	14	0.045307443365695796
6744740	GS2	50	0.16181229773462782
6744740	GS5	175	0.5663430420711975
6744741	GS1	110	0.13221153846153846
6744741	GS12	391	0.4699519230769231
6744741	GS2	11	0.013221153846153846
6744741	GS3	2	0.002403846153846154
6744741	GS4	3	0.003605769230769231
6744741	GS5	13	0.015625
6744741	GS6	302	0.3629807692307692
6744744	GS2	9	0.5294117647058824
6744744	GS6	8	0.47058823529411764
6744746	GS1	64	0.423841059602649
6744746	GS10	13	0.08609271523178808
6744746	GS3	19	0.12582781456953643
6744746	GS4	6	0.039735099337748346
6744746	GS5	9	0.059602649006622516
6744746	GS7	8	0.052980132450331126
6744746	GS9	32	0.2119205298013245
6744748	GS10	10	0.024271844660194174
6744748	GS12	53	0.12864077669902912
6744748	GS14	4	0.009708737864077669
6744748	GS3	3	0.007281553398058253
6744748	GS4	4	0.009708737864077669
6744748	GS5	18	0.043689320388349516
6744748	GS7	289	0.7014563106796117
6744748	GS8	23	0.055825242718446605
6744748	GS9	8	0.019417475728155338
6744750	GS1	13	0.06190476190476191
6744750	GS12	61	0.2904761904761905
6744750	GS2	13	0.06190476190476191
6744750	GS3	23	0.10952380952380952
6744750	GS4	5	0.023809523809523808
6744750	GS5	95	0.4523809523809524
6744751	GS6	19	1
6744752	GS14	17	0.8947368421052632
6744752	GS7	2	0.10526315789473684
6744753	GS1	15	0.02533783783783784
6744753	GS10	6	0.010135135135135136
6744753	GS13	2	0.0033783783783783786
6744753	GS14	448	0.7567567567567568
6744753	GS2	20	0.033783783783783786
6744753	GS5	7	0.011824324324324325
6744753	GS8	80	0.13513513513513514
6744753	GS9	14	0.02364864864864865
6744754	GS1	17	0.15315315315315314
6744754	GS12	3	0.02702702702702703
6744754	GS6	91	0.8198198198198198
6744757	GS1	9	0.009183673469387756
6744757	GS10	3	0.003061224489795918
6744757	GS12	43	0.04387755102040816
6744757	GS13	434	0.44285714285714284
6744757	GS14	77	0.07857142857142857
6744757	GS2	5	0.00510204081632653
6744757	GS3	4	0.004081632653061225
6744757	GS4	6	0.006122448979591836
6744757	GS5	68	0.06938775510204082
6744757	GS7	327	0.3336734693877551
6744757	GS9	4	0.004081632653061225
6744762	GS1	5	0.012315270935960592
6744762	GS10	2	0.0049261083743842365
6744762	GS12	2	0.0049261083743842365
6744762	GS14	239	0.5886699507389163
6744762	GS2	81	0.19950738916256158
6744762	GS3	9	0.022167487684729065
6744762	GS4	8	0.019704433497536946
6744762	GS8	45	0.11083743842364532
6744762	GS9	15	0.03694581280788178
6744763	GS5	2	1
6744765	GS6	11	1
6744767	GS1	3	0.42857142857142855
6744767	GS6	4	0.5714285714285714
6744769	GS1	6	0.46153846153846156
6744769	GS6	7	0.5384615384615384
6744772	GS1	3	0.6
6744772	GS6	2	0.4
6744773	GS1	649	0.7243303571428571
6744773	GS11	2	0.002232142857142857
6744773	GS12	161	0.1796875
6744773	GS13	7	0.0078125
6744773	GS14	5	0.005580357142857143
6744773	GS2	25	0.027901785714285716
6744773	GS3	6	0.006696428571428571
6744773	GS4	5	0.005580357142857143
6744773	GS5	16	0.017857142857142856
6744773	GS6	6	0.006696428571428571
6744773	GS7	3	0.0033482142857142855
6744773	GS8	3	0.0033482142857142855
6744773	GS9	8	0.008928571428571428
6744782	GS1	59	0.22868217054263565
6744782	GS2	2	0.007751937984496124
6744782	GS3	60	0.23255813953488372
6744782	GS4	5	0.01937984496124031
6744782	GS6	119	0.46124031007751937
6744782	GS7	13	0.050387596899224806
6744784	GS1	5	0.02145922746781116
6744784	GS10	12	0.05150214592274678
6744784	GS12	56	0.24034334763948498
6744784	GS13	18	0.07725321888412018
6744784	GS14	9	0.03862660944206009
6744784	GS4	3	0.012875536480686695
6744784	GS5	65	0.27896995708154504
6744784	GS6	14	0.060085836909871244
6744784	GS7	5	0.02145922746781116
6744784	GS8	28	0.12017167381974249
6744784	GS9	18	0.07725321888412018
6744785	GS7	4	1
6744786	GS1	2	0.5
6744786	GS6	2	0.5
6744787	GS11	18	0.05357142857142857
6744787	GS14	310	0.9226190476190477
6744787	GS2	6	0.017857142857142856
6744787	GS9	2	0.005952380952380952
6744788	GS10	5	0.001358695652173913
6744788	GS11	67	0.018206521739130434
6744788	GS12	2177	0.5915760869565218
6744788	GS14	84	0.02282608695652174
6744788	GS2	5	0.001358695652173913
6744788	GS4	16	0.004347826086956522
6744788	GS7	1305	0.3546195652173913
6744788	GS8	11	0.002989130434782609
6744788	GS9	10	0.002717391304347826
6744789	GS1	6	0.5
6744789	GS6	6	0.5
6744791	GS5	3	0.07317073170731707
6744791	GS6	38	0.926829268292683
6744792	GS1	141	0.04446546830652791
6744792	GS11	2	6.30715862503942e-4
6744792	GS2	8	0.002522863450015768
6744792	GS3	754	0.23777988016398613
6744792	GS4	125	0.03941974140649637
6744792	GS5	11	0.003468937243771681
6744792	GS6	2128	0.6710816777041942
6744792	GS8	2	6.30715862503942e-4
6744797	GS1	63	0.03162650602409638
6744797	GS10	16	0.008032128514056224
6744797	GS12	82	0.04116465863453815
6744797	GS13	157	0.0788152610441767
6744797	GS14	841	0.4221887550200803
6744797	GS2	93	0.046686746987951805
6744797	GS3	51	0.025602409638554216
6744797	GS4	38	0.019076305220883535
6744797	GS5	4	0.002008032128514056
6744797	GS7	504	0.25301204819277107
6744797	GS8	118	0.05923694779116466
6744797	GS9	25	0.012550200803212851
6744798	GS1	4	0.0223463687150838
6744798	GS12	6	0.0335195530726257
6744798	GS13	60	0.33519553072625696
6744798	GS14	14	0.0782122905027933
6744798	GS2	14	0.0782122905027933
6744798	GS5	10	0.055865921787709494
6744798	GS6	2	0.0111731843575419
6744798	GS7	69	0.3854748603351955
6744799	GS1	3	0.006711409395973154
6744799	GS11	10	0.02237136465324385
6744799	GS12	339	0.7583892617449665
6744799	GS14	59	0.1319910514541387
6744799	GS2	13	0.029082774049217
6744799	GS4	4	0.008948545861297539
6744799	GS6	9	0.020134228187919462
6744799	GS9	10	0.02237136465324385
6744801	GS1	2	0.15384615384615385
6744801	GS2	6	0.46153846153846156
6744801	GS4	2	0.15384615384615385
6744801	GS6	3	0.23076923076923078
6744802	GS1	11	0.058823529411764705
6744802	GS12	17	0.09090909090909091
6744802	GS13	12	0.06417112299465241
6744802	GS14	44	0.23529411764705882
6744802	GS2	32	0.1711229946524064
6744802	GS3	14	0.0748663101604278
6744802	GS4	5	0.026737967914438502
6744802	GS5	2	0.0106951871657754
6744802	GS7	26	0.13903743315508021
6744802	GS8	22	0.11764705882352941
6744802	GS9	2	0.0106951871657754
6744806	GS1	15	0.02365930599369085
6744806	GS12	41	0.06466876971608833
6744806	GS13	228	0.35962145110410093
6744806	GS14	209	0.32965299684542587
6744806	GS2	13	0.02050473186119874
6744806	GS3	2	0.0031545741324921135
6744806	GS4	4	0.006309148264984227
6744806	GS5	40	0.06309148264984227
6744806	GS7	82	0.12933753943217666
6744808	GS5	3	1
6744816	GS10	2	0.03389830508474576
6744816	GS6	2	0.03389830508474576
6744816	GS7	20	0.3389830508474576
6744816	GS8	24	0.4067796610169492
6744816	GS9	11	0.1864406779661017
6744818	GS1	3	0.004580152671755725
6744818	GS10	6	0.00916030534351145
6744818	GS11	2	0.0030534351145038168
6744818	GS12	83	0.1267175572519084
6744818	GS13	29	0.044274809160305344
6744818	GS14	92	0.14045801526717558
6744818	GS2	5	0.007633587786259542
6744818	GS3	6	0.00916030534351145
6744818	GS4	2	0.0030534351145038168
6744818	GS5	3	0.004580152671755725
6744818	GS7	411	0.6274809160305344
6744818	GS8	8	0.012213740458015267
6744818	GS9	5	0.007633587786259542
6744823	GS1	4	0.18181818181818182
6744823	GS2	2	0.09090909090909091
6744823	GS5	3	0.13636363636363635
6744823	GS6	13	0.5909090909090909
6744824	GS1	67	0.023484051875219066
6744824	GS12	6	0.002103049421661409
6744824	GS14	8	0.0028040658955485456
6744824	GS3	175	0.06133894146512443
6744824	GS4	41	0.014370837714686295
6744824	GS5	191	0.06694707325622153
6744824	GS6	2363	0.8282509638976516
6744824	GS7	2	7.010164738871364e-4
6744825	GS12	3	0.07894736842105263
6744825	GS14	2	0.05263157894736842
6744825	GS5	2	0.05263157894736842
6744825	GS6	13	0.34210526315789475
6744825	GS7	16	0.42105263157894735
6744825	GS8	2	0.05263157894736842
6744827	GS1	9	0.1125
6744827	GS2	2	0.025
6744827	GS5	69	0.8625
6744828	GS1	7	0.14285714285714285
6744828	GS13	23	0.46938775510204084
6744828	GS14	2	0.04081632653061224
6744828	GS2	3	0.061224489795918366
6744828	GS7	14	0.2857142857142857
6744836	GS1	10	0.10989010989010989
6744836	GS14	7	0.07692307692307693
6744836	GS5	74	0.8131868131868132
6744838	GS1	2	0.2857142857142857
6744838	GS3	2	0.2857142857142857
6744838	GS5	3	0.42857142857142855
6744839	GS5	2	0.3333333333333333
6744839	GS6	4	0.6666666666666666
6744841	GS14	290	0.4700162074554295
6744841	GS2	24	0.03889789303079417
6744841	GS3	12	0.019448946515397084
6744841	GS4	36	0.05834683954619125
6744841	GS5	251	0.406807131280389
6744841	GS9	4	0.006482982171799027
6744843	GS1	12	0.012448132780082987
6744843	GS11	14	0.014522821576763486
6744843	GS12	216	0.22406639004149378
6744843	GS13	39	0.04045643153526971
6744843	GS14	242	0.25103734439834025
6744843	GS2	38	0.03941908713692946
6744843	GS3	5	0.005186721991701245
6744843	GS4	2	0.002074688796680498
6744843	GS5	39	0.04045643153526971
6744843	GS6	6	0.006224066390041493
6744843	GS7	348	0.36099585062240663
6744843	GS8	3	0.0031120331950207467
6744844	GS2	4	0.10256410256410256
6744844	GS7	35	0.8974358974358975
6744845	GS1	4	1
6744846	GS1	143	0.4085714285714286
6744846	GS12	10	0.02857142857142857
6744846	GS2	13	0.037142857142857144
6744846	GS5	35	0.1
6744846	GS6	129	0.36857142857142855
6744846	GS7	20	0.05714285714285714
6744848	GS5	2	1
6744849	GS1	5	0.004118616144975288
6744849	GS10	5	0.004118616144975288
6744849	GS12	25	0.02059308072487644
6744849	GS13	37	0.030477759472817133
6744849	GS14	256	0.21087314662273476
6744849	GS2	5	0.004118616144975288
6744849	GS3	18	0.014827018121911038
6744849	GS4	6	0.004942339373970346
6744849	GS5	2	0.0016474464579901153
6744849	GS6	7	0.005766062602965404
6744849	GS7	842	0.6935749588138386
6744849	GS8	3	0.002471169686985173
6744849	GS9	3	0.002471169686985173
6744850	GS1	2	0.2857142857142857
6744850	GS2	3	0.42857142857142855
6744850	GS6	2	0.2857142857142857
6744851	GS12	99	0.8839285714285714
6744851	GS3	2	0.017857142857142856
6744851	GS4	3	0.026785714285714284
6744851	GS6	8	0.07142857142857142
6744852	GS1	16	0.02831858407079646
6744852	GS2	5	0.008849557522123894
6744852	GS3	6	0.010619469026548672
6744852	GS4	2	0.0035398230088495575
6744852	GS5	8	0.01415929203539823
6744852	GS6	528	0.9345132743362832
6744853	GS3	14	0.6086956521739131
6744853	GS4	3	0.13043478260869565
6744853	GS5	6	0.2608695652173913
6744854	GS14	2	0.2
6744854	GS6	8	0.8
6744856	GS1	2	1
6744857	GS1	29	0.054104477611940295
6744857	GS10	49	0.0914179104477612
6744857	GS12	32	0.05970149253731343
6744857	GS14	285	0.5317164179104478
6744857	GS2	33	0.061567164179104475
6744857	GS8	69	0.1287313432835821
6744857	GS9	39	0.07276119402985075
6744864	GS1	68	0.06284658040665435
6744864	GS10	43	0.03974121996303143
6744864	GS13	57	0.05268022181146026
6744864	GS14	267	0.24676524953789278
6744864	GS2	64	0.059149722735674676
6744864	GS4	3	0.0027726432532347504
6744864	GS5	314	0.2902033271719039
6744864	GS6	60	0.05545286506469501
6744864	GS8	66	0.06099815157116451
6744864	GS9	140	0.12939001848428835
6744867	GS14	4	0.5714285714285714
6744867	GS4	3	0.42857142857142855
6744868	GS12	2	0.25
6744868	GS6	6	0.75
6744869	GS1	23	0.0518018018018018
6744869	GS10	12	0.02702702702702703
6744869	GS11	44	0.0990990990990991
6744869	GS12	11	0.024774774774774775
6744869	GS13	3	0.006756756756756757
6744869	GS14	178	0.4009009009009009
6744869	GS2	6	0.013513513513513514
6744869	GS3	35	0.07882882882882883
6744869	GS4	14	0.03153153153153153
6744869	GS5	4	0.009009009009009009
6744869	GS6	7	0.015765765765765764
6744869	GS8	78	0.17567567567567569
6744869	GS9	29	0.06531531531531531
6744870	GS1	35	0.016416510318949345
6744870	GS10	16	0.0075046904315197
6744870	GS11	18	0.008442776735459663
6744870	GS13	1734	0.8133208255159474
6744870	GS2	125	0.05863039399624766
6744870	GS7	121	0.05675422138836773
6744870	GS8	49	0.02298311444652908
6744870	GS9	34	0.01594746716697936
6744871	GS1	1106	0.10041765026330125
6744871	GS12	656	0.05956055928817868
6744871	GS2	36	0.0032685672780098057
6744871	GS3	7	6.355547485019067e-4
6744871	GS4	5	4.539676775013619e-4
6744871	GS5	163	0.014799346286544397
6744871	GS6	9039	0.820682767386962
6744871	GS8	2	1.8158707100054475e-4
6744873	GS1	8	0.037037037037037035
6744873	GS5	208	0.9629629629629629
6744874	GS14	3	0.6
6744874	GS6	2	0.4
6744876	GS1	277	0.13310908217203268
6744876	GS10	10	0.004805382027871216
6744876	GS12	673	0.3234022104757328
6744876	GS13	16	0.0076886112445939455
6744876	GS14	681	0.3272465160980298
6744876	GS2	220	0.10571840461316674
6744876	GS3	11	0.005285920230658337
6744876	GS4	17	0.008169149447381067
6744876	GS5	39	0.01874098990869774
6744876	GS6	6	0.0028832292167227293
6744876	GS7	19	0.00913022585295531
6744876	GS8	109	0.052378664103796255
6744876	GS9	3	0.0014416146083613647
6744879	GS1	2	0.02127659574468085
6744879	GS12	45	0.4787234042553192
6744879	GS14	3	0.031914893617021274
6744879	GS2	6	0.06382978723404255
6744879	GS3	4	0.0425531914893617
6744879	GS4	4	0.0425531914893617
6744879	GS5	16	0.1702127659574468
6744879	GS6	2	0.02127659574468085
6744879	GS7	12	0.1276595744680851
6744881	GS1	3	0.015789473684210527
6744881	GS2	2	0.010526315789473684
6744881	GS4	2	0.010526315789473684
6744881	GS5	178	0.9368421052631579
6744881	GS6	5	0.02631578947368421
6744882	GS1	38	0.023100303951367782
6744882	GS12	16	0.009726443768996961
6744882	GS13	3	0.00182370820668693
6744882	GS2	305	0.18541033434650456
6744882	GS3	219	0.1331306990881459
6744882	GS4	43	0.026139817629179333
6744882	GS5	12	0.00729483282674772
6744882	GS6	505	0.3069908814589666
6744882	GS7	499	0.30334346504559273
6744882	GS9	5	0.00303951367781155
6744885	GS1	63	0.021575342465753426
6744885	GS12	122	0.04178082191780822
6744885	GS2	8	0.0027397260273972603
6744885	GS3	290	0.09931506849315068
6744885	GS4	72	0.024657534246575342
6744885	GS5	141	0.048287671232876715
6744885	GS6	2205	0.7551369863013698
6744885	GS7	2	6.849315068493151e-4
6744885	GS8	17	0.0058219178082191785
6744886	GS1	17	0.10119047619047619
6744886	GS2	8	0.047619047619047616
6744886	GS5	24	0.14285714285714285
6744886	GS7	119	0.7083333333333334
6744888	GS1	60	0.34285714285714286
6744888	GS12	69	0.3942857142857143
6744888	GS2	4	0.022857142857142857
6744888	GS3	3	0.017142857142857144
6744888	GS4	12	0.06857142857142857
6744888	GS6	27	0.15428571428571428
6744892	GS6	2	1
6744893	GS1	15	0.01122754491017964
6744893	GS10	13	0.009730538922155689
6744893	GS12	57	0.04266467065868264
6744893	GS13	4	0.0029940119760479044
6744893	GS3	22	0.016467065868263474
6744893	GS4	3	0.002245508982035928
6744893	GS5	16	0.011976047904191617
6744893	GS6	1206	0.9026946107784432
6744895	GS1	10	0.07092198581560284
6744895	GS11	5	0.03546099290780142
6744895	GS12	71	0.5035460992907801
6744895	GS14	6	0.0425531914893617
6744895	GS3	3	0.02127659574468085
6744895	GS4	4	0.028368794326241134
6744895	GS5	27	0.19148936170212766
6744895	GS6	3	0.02127659574468085
6744895	GS7	12	0.0851063829787234
6744900	GS1	15	0.026737967914438502
6744900	GS10	6	0.0106951871657754
6744900	GS12	13	0.023172905525846704
6744900	GS13	217	0.3868092691622103
6744900	GS14	26	0.04634581105169341
6744900	GS2	29	0.05169340463458111
6744900	GS3	9	0.016042780748663103
6744900	GS6	3	0.0053475935828877
6744900	GS7	214	0.38146167557932265
6744900	GS8	25	0.044563279857397504
6744900	GS9	4	0.0071301247771836
6744903	GS1	842	0.10644753476611883
6744903	GS10	11	0.001390644753476612
6744903	GS11	285	0.03603034134007586
6744903	GS12	273	0.034513274336283185
6744903	GS13	2409	0.304551201011378
6744903	GS14	917	0.11592920353982301
6744903	GS2	835	0.10556257901390645
6744903	GS3	252	0.03185840707964602
6744903	GS4	141	0.017825537294563844
6744903	GS5	254	0.03211125158027813
6744903	GS6	102	0.012895069532237674
6744903	GS7	1079	0.136409608091024
6744903	GS8	412	0.05208596713021492
6744903	GS9	98	0.012389380530973451
6744904	GS1	572	0.2735533237685318
6744904	GS12	97	0.046389287422285985
6744904	GS2	11	0.0052606408417025345
6744904	GS3	3	0.0014347202295552368
6744904	GS5	32	0.015303682448589193
6744904	GS6	1376	0.6580583452893353
6744905	GS1	16	0.03382663847780127
6744905	GS12	6	0.012684989429175475
6744905	GS3	16	0.03382663847780127
6744905	GS5	12	0.02536997885835095
6744905	GS6	423	0.8942917547568711
6744906	GS1	122	0.03237791932059448
6744906	GS10	8	0.0021231422505307855
6744906	GS12	95	0.02521231422505308
6744906	GS13	9	0.0023885350318471337
6744906	GS2	35	0.009288747346072187
6744906	GS3	149	0.03954352441613588
6744906	GS4	75	0.019904458598726114
6744906	GS5	125	0.033174097664543524
6744906	GS6	3073	0.815552016985138
6744906	GS7	70	0.018577494692144373
6744906	GS8	7	0.0018577494692144374
6744907	GS1	2	1
6744910	GS1	9	0.06521739130434782
6744910	GS12	7	0.050724637681159424
6744910	GS4	3	0.021739130434782608
6744910	GS6	46	0.3333333333333333
6744910	GS7	73	0.5289855072463768
6744911	GS14	3	1
6744912	GS14	2	0.4
6744912	GS6	3	0.6
6744919	GS1	17	0.03339882121807466
6744919	GS10	15	0.029469548133595286
6744919	GS14	362	0.7111984282907662
6744919	GS2	52	0.10216110019646366
6744919	GS3	4	0.007858546168958742
6744919	GS4	2	0.003929273084479371
6744919	GS8	25	0.04911591355599214
6744919	GS9	32	0.06286836935166994
6744923	GS1	4	0.0010167768174885613
6744923	GS10	2	5.083884087442806e-4
6744923	GS12	2	5.083884087442806e-4
6744923	GS13	3	7.62582613116421e-4
6744923	GS2	3	7.62582613116421e-4
6744923	GS3	1513	0.3845958312150483
6744923	GS4	205	0.052109811896288764
6744923	GS5	9	0.002287747839349263
6744923	GS6	2189	0.5564311133706151
6744923	GS8	2	5.083884087442806e-4
6744923	GS9	2	5.083884087442806e-4
6744927	GS1	10	0.002904443799012489
6744927	GS10	11	0.003194888178913738
6744927	GS3	4	0.0011617775196049957
6744927	GS4	4	0.0011617775196049957
6744927	GS5	65	0.01887888469358118
6744927	GS6	3346	0.9718268951495789
6744927	GS8	3	8.713331397037467e-4
6744929	GS1	45	0.02748930971288943
6744929	GS10	11	0.006719609040928528
6744929	GS13	1325	0.8094074526573
6744929	GS14	23	0.014050091631032376
6744929	GS2	28	0.01710445937690898
6744929	GS3	7	0.004276114844227245
6744929	GS4	4	0.002443494196701283
6744929	GS5	24	0.014660965180207697
6744929	GS6	5	0.0030543677458766036
6744929	GS8	101	0.06169822846670739
6744929	GS9	64	0.03909590714722053
6744932	GS1	4	0.36363636363636365
6744932	GS13	5	0.45454545454545453
6744932	GS6	2	0.18181818181818182
6744933	GS1	162	0.04047976011994003
6744933	GS2	2	4.997501249375312e-4
6744933	GS3	995	0.24862568715642178
6744933	GS4	146	0.03648175912043978
6744933	GS5	27	0.006746626686656672
6744933	GS6	2666	0.6661669165417291
6744933	GS8	4	9.995002498750624e-4
6744934	GS1	2	0.5
6744934	GS7	2	0.5
6744937	GS14	4	0.4
6744937	GS7	6	0.6
6744938	GS10	3	0.009259259259259259
6744938	GS12	21	0.06481481481481481
6744938	GS13	5	0.015432098765432098
6744938	GS2	9	0.027777777777777776
6744938	GS5	30	0.09259259259259259
6744938	GS7	249	0.7685185185185185
6744938	GS8	3	0.009259259259259259
6744938	GS9	4	0.012345679012345678
6744942	GS4	3	0.21428571428571427
6744942	GS7	11	0.7857142857142857
6744943	GS1	5	0.003436426116838488
6744943	GS10	6	0.004123711340206186
6744943	GS13	1008	0.6927835051546392
6744943	GS14	187	0.12852233676975944
6744943	GS2	116	0.07972508591065292
6744943	GS3	7	0.004810996563573883
6744943	GS4	6	0.004123711340206186
6744943	GS5	23	0.015807560137457044
6744943	GS6	3	0.002061855670103093
6744943	GS7	2	0.0013745704467353953
6744943	GS8	81	0.05567010309278351
6744943	GS9	11	0.007560137457044674
6744944	GS1	22	0.9166666666666666
6744944	GS2	2	0.08333333333333333
6744946	GS1	4	0.012903225806451613
6744946	GS13	57	0.18387096774193548
6744946	GS14	39	0.12580645161290321
6744946	GS3	6	0.01935483870967742
6744946	GS4	7	0.02258064516129032
6744946	GS5	6	0.01935483870967742
6744946	GS7	191	0.6161290322580645
6744947	GS5	5	1
6744952	GS1	348	0.3267605633802817
6744952	GS13	2	0.0018779342723004694
6744952	GS14	532	0.49953051643192486
6744952	GS2	56	0.05258215962441314
6744952	GS3	2	0.0018779342723004694
6744952	GS5	106	0.09953051643192488
6744952	GS6	2	0.0018779342723004694
6744952	GS9	17	0.01596244131455399
6744960	GS1	2	0.4
6744960	GS6	3	0.6
6744964	GS1	23	0.052752293577981654
6744964	GS10	3	0.006880733944954129
6744964	GS13	19	0.04357798165137615
6744964	GS14	248	0.5688073394495413
6744964	GS2	20	0.045871559633027525
6744964	GS3	3	0.006880733944954129
6744964	GS4	4	0.009174311926605505
6744964	GS5	63	0.1444954128440367
6744964	GS6	3	0.006880733944954129
6744964	GS8	30	0.06880733944954129
6744964	GS9	20	0.045871559633027525
6744965	GS1	8	0.0215633423180593
6744965	GS14	2	0.005390835579514825
6744965	GS5	361	0.9730458221024259
6744966	GS6	4	1
6744968	GS3	7	0.3333333333333333
6744968	GS4	14	0.6666666666666666
6744974	GS1	94	0.27325581395348836
6744974	GS3	14	0.040697674418604654
6744974	GS4	5	0.014534883720930232
6744974	GS6	231	0.6715116279069767
6744975	GS5	5	1
6744978	GS1	631	0.11017984983411909
6744978	GS10	18	0.003143006809848088
6744978	GS2	46	0.008032128514056224
6744978	GS3	80	0.013968919154880391
6744978	GS4	9	0.001571503404924044
6744978	GS5	156	0.027239392352016764
6744978	GS6	4650	0.8119434258774227
6744978	GS7	134	0.023397939584424654
6744978	GS8	3	5.238344683080147e-4
6744979	GS1	13	1
6744984	GS1	902	0.11969214437367304
6744984	GS12	129	0.017117834394904458
6744984	GS2	151	0.020037154989384288
6744984	GS3	8	0.0010615711252653928
6744984	GS4	2	2.653927813163482e-4
6744984	GS5	38	0.0050424628450106155
6744984	GS6	6306	0.8367834394904459
6744987	GS13	3	0.02654867256637168
6744987	GS5	4	0.035398230088495575
6744987	GS6	85	0.7522123893805309
6744987	GS7	21	0.18584070796460178
6744988	GS12	2	0.05714285714285714
6744988	GS5	22	0.6285714285714286
6744988	GS6	3	0.08571428571428572
6744988	GS7	8	0.22857142857142856
6744993	GS12	2	0.006369426751592357
6744993	GS14	119	0.37898089171974525
6744993	GS5	2	0.006369426751592357
6744993	GS6	191	0.60828025477707
6744994	GS2	4	0.038461538461538464
6744994	GS3	5	0.04807692307692308
6744994	GS4	2	0.019230769230769232
6744994	GS6	20	0.19230769230769232
6744994	GS7	73	0.7019230769230769
6745000	GS5	22	1
6745003	GS12	34	0.38636363636363635
6745003	GS13	10	0.11363636363636363
6745003	GS14	17	0.19318181818181818
6745003	GS2	3	0.03409090909090909
6745003	GS4	2	0.022727272727272728
6745003	GS7	15	0.17045454545454544
6745003	GS8	7	0.07954545454545454
6745006	GS6	2	1
6745008	GS1	104	0.1640378548895899
6745008	GS12	9	0.014195583596214511
6745008	GS2	13	0.02050473186119874
6745008	GS3	2	0.0031545741324921135
6745008	GS5	13	0.02050473186119874
6745008	GS6	490	0.7728706624605678
6745008	GS8	3	0.00473186119873817
6745013	GS1	889	0.373215785054576
6745013	GS11	3	0.0012594458438287153
6745013	GS12	1007	0.42275398824517213
6745013	GS2	63	0.02644836272040302
6745013	GS3	12	0.005037783375314861
6745013	GS4	6	0.0025188916876574307
6745013	GS5	399	0.16750629722921914
6745013	GS8	3	0.0012594458438287153
6745019	GS10	30	0.25
6745019	GS5	2	0.016666666666666666
6745019	GS8	13	0.10833333333333334
6745019	GS9	75	0.625
6745021	GS1	5	0.00992063492063492
6745021	GS12	426	0.8452380952380952
6745021	GS13	10	0.01984126984126984
6745021	GS14	40	0.07936507936507936
6745021	GS2	4	0.007936507936507936
6745021	GS4	8	0.015873015873015872
6745021	GS5	3	0.005952380952380952
6745021	GS6	2	0.003968253968253968
6745021	GS8	6	0.011904761904761904
6745025	GS1	39	0.05032258064516129
6745025	GS13	6	0.007741935483870968
6745025	GS14	204	0.2632258064516129
6745025	GS2	37	0.04774193548387097
6745025	GS4	7	0.00903225806451613
6745025	GS5	479	0.6180645161290322
6745025	GS9	3	0.003870967741935484
6745028	GS1	5	0.25
6745028	GS5	15	0.75
6745029	GS1	15	0.009578544061302681
6745029	GS10	18	0.011494252873563218
6745029	GS11	2	0.001277139208173691
6745029	GS12	83	0.05300127713920817
6745029	GS13	4	0.002554278416347382
6745029	GS14	831	0.5306513409961686
6745029	GS2	6	0.0038314176245210726
6745029	GS3	12	0.007662835249042145
6745029	GS4	10	0.006385696040868455
6745029	GS5	31	0.01979565772669221
6745029	GS6	15	0.009578544061302681
6745029	GS7	437	0.2790549169859515
6745029	GS8	73	0.04661558109833972
6745029	GS9	29	0.018518518518518517
6745030	GS1	45	0.034324942791762014
6745030	GS11	2	0.0015255530129672007
6745030	GS13	15	0.011441647597254004
6745030	GS14	251	0.19145690312738367
6745030	GS2	50	0.03813882532418002
6745030	GS4	6	0.004576659038901602
6745030	GS5	937	0.7147215865751335
6745030	GS6	2	0.0015255530129672007
6745030	GS8	3	0.002288329519450801
6745031	GS1	7	0.008827238335435058
6745031	GS11	3	0.0037831021437578815
6745031	GS12	127	0.1601513240857503
6745031	GS14	4	0.005044136191677175
6745031	GS2	2	0.0025220680958385876
6745031	GS3	2	0.0025220680958385876
6745031	GS4	2	0.0025220680958385876
6745031	GS5	63	0.07944514501891552
6745031	GS6	2	0.0025220680958385876
6745031	GS7	581	0.7326607818411097
6745034	GS12	2	0.08695652173913043
6745034	GS14	2	0.08695652173913043
6745034	GS4	2	0.08695652173913043
6745034	GS7	17	0.7391304347826086
6745035	GS1	5	0.4166666666666667
6745035	GS6	7	0.5833333333333334
6745039	GS6	2	1
6745041	GS6	4	1
6745047	GS2	3	1
6745048	GS2	2	1
6745050	GS1	3	0.0125
6745050	GS12	175	0.7291666666666666
6745050	GS13	2	0.008333333333333333
6745050	GS14	36	0.15
6745050	GS2	2	0.008333333333333333
6745050	GS4	4	0.016666666666666666
6745050	GS5	18	0.075
6745053	GS1	21	0.07526881720430108
6745053	GS13	3	0.010752688172043012
6745053	GS2	4	0.014336917562724014
6745053	GS3	16	0.05734767025089606
6745053	GS4	10	0.035842293906810034
6745053	GS5	9	0.03225806451612903
6745053	GS6	202	0.7240143369175627
6745053	GS7	7	0.025089605734767026
6745053	GS8	5	0.017921146953405017
6745053	GS9	2	0.007168458781362007
6745056	GS1	18	0.5625
6745056	GS3	11	0.34375
6745056	GS4	3	0.09375
6745057	GS13	2	1
6745060	GS6	6	1
6745061	GS7	8	1
6745062	GS5	15	1
6745063	GS6	8	1
6745066	GS3	2	0.4
6745066	GS4	3	0.6
6745070	GS14	2	1
6745074	GS1	8	0.05405405405405406
6745074	GS12	2	0.013513513513513514
6745074	GS14	50	0.33783783783783783
6745074	GS2	62	0.4189189189189189
6745074	GS4	3	0.02027027027027027
6745074	GS6	2	0.013513513513513514
6745074	GS8	14	0.0945945945945946
6745074	GS9	7	0.0472972972972973
6745075	GS1	5	0.3333333333333333
6745075	GS2	4	0.26666666666666666
6745075	GS6	6	0.4
6745076	GS1	9	0.043689320388349516
6745076	GS2	4	0.019417475728155338
6745076	GS3	7	0.03398058252427184
6745076	GS4	4	0.019417475728155338
6745076	GS5	12	0.05825242718446602
6745076	GS6	170	0.8252427184466019
6745080	GS6	13	1
6745081	GS1	41	0.04275286757038582
6745081	GS12	24	0.02502606882168926
6745081	GS13	3	0.0031282586027111575
6745081	GS2	4	0.004171011470281543
6745081	GS3	10	0.010427528675703858
6745081	GS5	28	0.029197080291970802
6745081	GS6	849	0.8852971845672576
6745082	GS1	508	0.48015122873345933
6745082	GS12	104	0.09829867674858223
6745082	GS2	27	0.02551984877126654
6745082	GS3	15	0.014177693761814745
6745082	GS4	12	0.011342155009451797
6745082	GS5	389	0.3676748582230624
6745082	GS8	3	0.002835538752362949
6745089	GS5	4	1
6745090	GS1	17	0.023035230352303523
6745090	GS10	3	0.0040650406504065045
6745090	GS11	3	0.0040650406504065045
6745090	GS12	11	0.014905149051490514
6745090	GS13	400	0.5420054200542005
6745090	GS14	87	0.11788617886178862
6745090	GS2	24	0.032520325203252036
6745090	GS3	15	0.02032520325203252
6745090	GS4	19	0.025745257452574527
6745090	GS5	5	0.006775067750677507
6745090	GS6	3	0.0040650406504065045
6745090	GS7	114	0.15447154471544716
6745090	GS8	34	0.04607046070460705
6745090	GS9	3	0.0040650406504065045
6745094	GS1	12	0.32432432432432434
6745094	GS3	7	0.1891891891891892
6745094	GS4	2	0.05405405405405406
6745094	GS6	16	0.43243243243243246
6745096	GS1	2	0.017241379310344827
6745096	GS5	8	0.06896551724137931
6745096	GS6	104	0.896551724137931
6745096	GS7	2	0.017241379310344827
6745097	GS1	19	0.2676056338028169
6745097	GS2	50	0.704225352112676
6745097	GS6	2	0.028169014084507043
6745099	GS3	14	0.42424242424242425
6745099	GS4	19	0.5757575757575758
6745104	GS1	108	0.864
6745104	GS2	17	0.136
6745110	GS1	4	0.06060606060606061
6745110	GS3	3	0.045454545454545456
6745110	GS4	6	0.09090909090909091
6745110	GS6	53	0.803030303030303
6745112	GS7	13	1
6745115	GS6	4	1
6745120	GS12	2	0.034482758620689655
6745120	GS14	11	0.1896551724137931
6745120	GS4	3	0.05172413793103448
6745120	GS5	42	0.7241379310344828
6745124	GS1	7	0.028688524590163935
6745124	GS10	4	0.01639344262295082
6745124	GS12	3	0.012295081967213115
6745124	GS13	2	0.00819672131147541
6745124	GS2	6	0.02459016393442623
6745124	GS3	7	0.028688524590163935
6745124	GS4	7	0.028688524590163935
6745124	GS5	22	0.09016393442622951
6745124	GS6	171	0.7008196721311475
6745124	GS8	11	0.045081967213114756
6745124	GS9	4	0.01639344262295082
6745126	GS12	2	0.06060606060606061
6745126	GS6	31	0.9393939393939394
6745128	GS12	9	0.5625
6745128	GS6	7	0.4375
6745132	GS6	7	0.6363636363636364
6745132	GS7	4	0.36363636363636365
6745133	GS1	3	0.024193548387096774
6745133	GS12	45	0.3629032258064516
6745133	GS13	53	0.4274193548387097
6745133	GS14	4	0.03225806451612903
6745133	GS2	3	0.024193548387096774
6745133	GS3	3	0.024193548387096774
6745133	GS4	7	0.056451612903225805
6745133	GS7	6	0.04838709677419355
6745136	GS5	4	0.11764705882352941
6745136	GS6	30	0.8823529411764706
6745141	GS1	2	1
6745146	GS3	18	0.5294117647058824
6745146	GS4	16	0.47058823529411764
6745149	GS1	7	0.03804347826086957
6745149	GS12	2	0.010869565217391304
6745149	GS13	166	0.9021739130434783
6745149	GS5	9	0.04891304347826087
6745150	GS12	15	1
6745151	GS1	230	0.103463787674314
6745151	GS14	3	0.001349527665317139
6745151	GS2	84	0.037786774628879895
6745151	GS3	130	0.05847953216374269
6745151	GS4	59	0.026540710751237068
6745151	GS5	106	0.04768331084120558
6745151	GS6	1600	0.7197480881691408
6745151	GS8	4	0.001799370220422852
6745151	GS9	7	0.003148897885739991
6745153	GS1	19	0.0187192118226601
6745153	GS10	4	0.003940886699507389
6745153	GS12	26	0.02561576354679803
6745153	GS14	13	0.012807881773399015
6745153	GS2	8	0.007881773399014778
6745153	GS4	2	0.0019704433497536944
6745153	GS5	55	0.054187192118226604
6745153	GS6	866	0.8532019704433498
6745153	GS8	19	0.0187192118226601
6745153	GS9	3	0.002955665024630542
6745164	GS6	21	1
6745166	GS5	15	0.16853932584269662
6745166	GS6	74	0.8314606741573034
6745172	GS14	57	0.4351145038167939
6745172	GS2	2	0.015267175572519083
6745172	GS7	72	0.549618320610687
6745174	GS7	2	1
6745178	GS14	4	0.6666666666666666
6745178	GS4	2	0.3333333333333333
6745183	GS1	2	0.006211180124223602
6745183	GS11	9	0.027950310559006212
6745183	GS12	5	0.015527950310559006
6745183	GS13	4	0.012422360248447204
6745183	GS14	189	0.5869565217391305
6745183	GS2	2	0.006211180124223602
6745183	GS4	4	0.012422360248447204
6745183	GS7	104	0.32298136645962733
6745183	GS9	3	0.009316770186335404
6745187	GS3	4	0.5
6745187	GS5	4	0.5
6745190	GS1	3	0.0027598896044158236
6745190	GS12	31	0.028518859245630176
6745190	GS13	3	0.0027598896044158236
6745190	GS14	124	0.1140754369825207
6745190	GS2	3	0.0027598896044158236
6745190	GS3	7	0.006439742410303588
6745190	GS4	9	0.00827966881324747
6745190	GS6	5	0.004599816007359705
6745190	GS7	890	0.8187672493100276
6745190	GS8	9	0.00827966881324747
6745190	GS9	3	0.0027598896044158236
6745191	GS6	8	1
6745192	GS1	3	0.005791505791505791
6745192	GS10	4	0.007722007722007722
6745192	GS11	3	0.005791505791505791
6745192	GS12	340	0.6563706563706564
6745192	GS13	9	0.017374517374517374
6745192	GS14	4	0.007722007722007722
6745192	GS5	25	0.04826254826254826
6745192	GS7	106	0.20463320463320464
6745192	GS8	21	0.04054054054054054
6745192	GS9	3	0.005791505791505791
6745194	GS1	17	0.09042553191489362
6745194	GS2	23	0.12234042553191489
6745194	GS3	6	0.031914893617021274
6745194	GS4	7	0.03723404255319149
6745194	GS5	4	0.02127659574468085
6745194	GS6	131	0.6968085106382979
6745197	GS1	3	0.00949367088607595
6745197	GS10	9	0.028481012658227847
6745197	GS12	39	0.12341772151898735
6745197	GS14	3	0.00949367088607595
6745197	GS2	5	0.015822784810126583
6745197	GS4	4	0.012658227848101266
6745197	GS5	10	0.03164556962025317
6745197	GS7	216	0.6835443037974683
6745197	GS8	18	0.056962025316455694
6745197	GS9	9	0.028481012658227847
6745199	GS1	2	0.07407407407407407
6745199	GS14	7	0.25925925925925924
6745199	GS5	18	0.6666666666666666
6745200	GS13	2	0.01680672268907563
6745200	GS3	24	0.20168067226890757
6745200	GS4	8	0.06722689075630252
6745200	GS5	4	0.03361344537815126
6745200	GS6	81	0.680672268907563
6745208	GS1	4	0.042105263157894736
6745208	GS5	4	0.042105263157894736
6745208	GS6	87	0.9157894736842105
6745209	GS12	4	1
6745211	GS1	2	0.024691358024691357
6745211	GS12	6	0.07407407407407407
6745211	GS14	4	0.04938271604938271
6745211	GS7	69	0.8518518518518519
6745212	GS1	7	0.013157894736842105
6745212	GS12	296	0.556390977443609
6745212	GS13	3	0.005639097744360902
6745212	GS14	2	0.0037593984962406013
6745212	GS2	19	0.03571428571428571
6745212	GS3	8	0.015037593984962405
6745212	GS4	15	0.02819548872180451
6745212	GS5	101	0.18984962406015038
6745212	GS7	60	0.11278195488721804
6745212	GS8	17	0.03195488721804511
6745212	GS9	4	0.007518796992481203
6745215	GS12	4	0.4444444444444444
6745215	GS14	2	0.2222222222222222
6745215	GS4	3	0.3333333333333333
6745217	GS2	4	0.037383177570093455
6745217	GS3	51	0.4766355140186916
6745217	GS4	48	0.4485981308411215
6745217	GS6	2	0.018691588785046728
6745217	GS8	2	0.018691588785046728
6745218	GS10	4	0.006006006006006006
6745218	GS12	33	0.04954954954954955
6745218	GS14	13	0.01951951951951952
6745218	GS2	4	0.006006006006006006
6745218	GS3	9	0.013513513513513514
6745218	GS4	4	0.006006006006006006
6745218	GS5	3	0.0045045045045045045
6745218	GS6	3	0.0045045045045045045
6745218	GS7	585	0.8783783783783784
6745218	GS8	8	0.012012012012012012
6745220	GS6	28	1
6745226	GS1	13	0.22033898305084745
6745226	GS2	9	0.15254237288135594
6745226	GS5	34	0.576271186440678
6745226	GS6	3	0.05084745762711865
6745227	GS1	3	1
6745228	GS1	9	1
6745231	GS5	2	0.021505376344086023
6745231	GS6	89	0.956989247311828
6745231	GS7	2	0.021505376344086023
6745233	GS1	4	0.2857142857142857
6745233	GS3	5	0.35714285714285715
6745233	GS6	5	0.35714285714285715
6745234	GS1	2	0.004739336492890996
6745234	GS10	13	0.030805687203791468
6745234	GS12	49	0.11611374407582939
6745234	GS13	3	0.0071090047393364926
6745234	GS14	2	0.004739336492890996
6745234	GS2	6	0.014218009478672985
6745234	GS4	4	0.009478672985781991
6745234	GS5	68	0.16113744075829384
6745234	GS7	221	0.523696682464455
6745234	GS8	35	0.08293838862559241
6745234	GS9	19	0.045023696682464455
6745236	GS5	2	0.2
6745236	GS6	2	0.2
6745236	GS7	6	0.6
6745240	GS1	153	0.3200836820083682
6745240	GS12	5	0.010460251046025104
6745240	GS13	2	0.0041841004184100415
6745240	GS2	19	0.0397489539748954
6745240	GS3	5	0.010460251046025104
6745240	GS4	3	0.006276150627615063
6745240	GS5	6	0.012552301255230125
6745240	GS6	283	0.5920502092050209
6745240	GS8	2	0.0041841004184100415
6745241	GS1	7	0.010852713178294573
6745241	GS11	6	0.009302325581395349
6745241	GS12	25	0.03875968992248062
6745241	GS13	60	0.09302325581395349
6745241	GS14	14	0.021705426356589147
6745241	GS2	4	0.006201550387596899
6745241	GS4	3	0.004651162790697674
6745241	GS5	17	0.02635658914728682
6745241	GS6	10	0.015503875968992248
6745241	GS7	487	0.7550387596899225
6745241	GS8	9	0.013953488372093023
6745241	GS9	3	0.004651162790697674
6745244	GS7	4	1
6745245	GS5	2	0.18181818181818182
6745245	GS6	9	0.8181818181818182
6745246	GS6	60	1
6745249	GS3	7	0.12962962962962962
6745249	GS4	2	0.037037037037037035
6745249	GS5	3	0.05555555555555555
6745249	GS6	42	0.7777777777777778
6745251	GS1	8	0.0975609756097561
6745251	GS11	2	0.024390243902439025
6745251	GS14	3	0.036585365853658534
6745251	GS2	2	0.024390243902439025
6745251	GS3	9	0.10975609756097561
6745251	GS4	54	0.6585365853658537
6745251	GS7	4	0.04878048780487805
6745257	GS3	6	0.75
6745257	GS4	2	0.25
6745258	GS3	16	0.5
6745258	GS4	16	0.5
6745261	GS6	2	1
6745268	GS5	4	0.08163265306122448
6745268	GS6	45	0.9183673469387755
6745278	GS12	46	0.2598870056497175
6745278	GS3	5	0.02824858757062147
6745278	GS4	4	0.022598870056497175
6745278	GS5	13	0.07344632768361582
6745278	GS6	106	0.5988700564971752
6745278	GS8	3	0.01694915254237288
6745279	GS1	2	0.04081632653061224
6745279	GS2	11	0.22448979591836735
6745279	GS3	13	0.2653061224489796
6745279	GS4	10	0.20408163265306123
6745279	GS7	6	0.12244897959183673
6745279	GS8	7	0.14285714285714285
6745282	GS3	3	0.037037037037037035
6745282	GS5	5	0.06172839506172839
6745282	GS6	73	0.9012345679012346
