Gene,Non-unique Gene name,Annotation,No. isolates,No. sequences,Avg sequences per isolate,Genome Fragment,Order within Fragment,Accessory Fragment,Accessory Order with Fragment,QC,Min group size nuc,Max group size nuc,Avg group size nuc,007032Cmash,00703Bmash,00703Dmash,0284V,0288E,101,1400E,14019_MetR,1500E,18-4,23-12,26-12,30-4,315-A,3549624,409-05,41V,5-1,55152,6119V5,6420B,75712,AMD,ATCC14018a,ATCC14018b,ATCC14018c,ATCC14019,ATCC49145,CMW7778B,DNF01149,DNF01162,FDAARGOS_296,GED7275B,GED7760B,GV37,HMP9231,JCP7275,JCP7276,JCP7659,JCP7672,JCP7719,JCP8017A,JCP8017B,JCP8066,JCP8070,JCP8108,JCP8151A,JCP8151B,JCP8481A,JCP8481B,JCP8522,KA00225,KA00735,PSS_7772B,UMB0032A,UMB0032B,UMB0061,UMB0170,UMB0233,UMB0264,UMB0298,UMB0386,UMB0682,UMB0768,UMB0770,UMB0775,UMB0830,UMB0833,UMB0912,UMB0913,UMB1642,UMB1686
gatA,NA,Glutamyl-tRNA(Gln) amidotransferase subunit A,72,72,1,63,7656,NA,NA,NA,239,1541,1522,007032Cmash_00058,00703Bmash_00792,00703Dmash_00208,0284V_01064,0288E_00181,101_00905,1400E_00188,14019_MetR_00142,1500E_00046,18-4_00388,23-12_00864,26-12_00432,30-4_01002,315-A_01316,3549624_01045,409-05_00105,41V_00491,5-1_00425,55152_00156,6119V5_00544,6420B_00572,75712_00223,AMD_01147,ATCC14018a_01137,ATCC14018b_01261,ATCC14018c_00763,ATCC14019_00064,ATCC49145_00177,CMW7778B_01042,DNF01149_00847,DNF01162_00124,FDAARGOS_296_00194,GED7275B_00701,GED7760B_00802,GV37_00128,HMP9231_01307,JCP7275_01220,JCP7276_00464,JCP7659_00456,JCP7672_01095,JCP7719_01196,JCP8017A_00166,JCP8017B_00020,JCP8066_00447,JCP8070_00168,JCP8108_00294,JCP8151A_01248,JCP8151B_00878,JCP8481A_00795,JCP8481B_00019,JCP8522_00022,KA00225_00540,KA00735_00967,PSS_7772B_00188,UMB0032A_00413,UMB0032B_01162,UMB0061_00798,UMB0170_01025,UMB0233_00355,UMB0264_00123,UMB0298_01091,UMB0386_01092,UMB0682_00784,UMB0768_01029,UMB0770_00134,UMB0775_00140,UMB0830_00142,UMB0833_00588,UMB0912_00114,UMB0913_00114,UMB1642_00832,UMB1686_00979
ppc,NA,Phosphoenolpyruvate carboxylase,72,72,1,63,10293,NA,NA,NA,1280,2756,2694,007032Cmash_00156,00703Bmash_00677,00703Dmash_00125,0284V_00969,0288E_00274,101_00824,1400E_00101,14019_MetR_00053,1500E_00141,18-4_00066,23-12_00270,26-12_00174,30-4_00698,315-A_01222,3549624_01244,409-05_00018,41V_00896,5-1_00342,55152_00066,6119V5_00631,6420B_01073,75712_00136,AMD_00605,ATCC14018a_01015,ATCC14018b_00028,ATCC14018c_00851,ATCC14019_00156,ATCC49145_01181,CMW7778B_00761,DNF01149_00754,DNF01162_00041,FDAARGOS_296_00283,GED7275B_00606,GED7760B_00710,GV37_00017,HMP9231_00029,JCP7275_00718,JCP7276_01039,JCP7659_01015,JCP7672_00422,JCP7719_00231,JCP8017A_00990,JCP8017B_00196,JCP8066_00048,JCP8070_00735,JCP8108_00921,JCP8151A_00344,JCP8151B_01237,JCP8481A_00035,JCP8481B_00875,JCP8522_00809,KA00225_00405,KA00735_00857,PSS_7772B_00094,UMB0032A_00501,UMB0032B_01250,UMB0061_00887,UMB0170_01107,UMB0233_00445,UMB0264_00041,UMB0298_01184,UMB0386_01185,UMB0682_00705,UMB0768_01122,UMB0770_00045,UMB0775_00048,UMB0830_00043,UMB0833_00489,UMB0912_00036,UMB0913_00036,UMB1642_00747,UMB1686_01064
group_10625,NA,tRNA-Arg(cct),72,72,1,63,2517,NA,NA,NA,73,73,73,007032Cmash_00527,00703Bmash_00257,00703Dmash_00573,0284V_00338,0288E_00472,101_00304,1400E_00776,14019_MetR_00676,1500E_00838,18-4_00375,23-12_00385,26-12_00176,30-4_00326,315-A_00857,3549624_00701,409-05_00412,41V_00978,5-1_00736,55152_00850,6119V5_00388,6420B_00193,75712_01149,AMD_00824,ATCC14018a_00309,ATCC14018b_00343,ATCC14018c_01165,ATCC14019_00475,ATCC49145_00368,CMW7778B_01128,DNF01149_00132,DNF01162_00879,FDAARGOS_296_00598,GED7275B_00270,GED7760B_01077,GV37_00443,HMP9231_01043,JCP7275_01115,JCP7276_00522,JCP7659_00094,JCP7672_00346,JCP7719_00574,JCP8017A_00046,JCP8017B_01226,JCP8066_00704,JCP8070_01009,JCP8108_01303,JCP8151A_01105,JCP8151B_00356,JCP8481A_00563,JCP8481B_00715,JCP8522_00824,KA00225_00854,KA00735_00681,PSS_7772B_00663,UMB0032A_00862,UMB0032B_00177,UMB0061_00177,UMB0170_00718,UMB0233_00667,UMB0264_00428,UMB0298_00178,UMB0386_00178,UMB0682_01097,UMB0768_00116,UMB0770_00607,UMB0775_00564,UMB0830_01036,UMB0833_01003,UMB0912_00432,UMB0913_00431,UMB1642_01151,UMB1686_00678
group_10626,NA,tRNA-Ala(cgc),72,72,1,63,9065,NA,NA,NA,73,73,73,007032Cmash_01172,00703Bmash_00877,00703Dmash_00313,0284V_00191,0288E_01341,101_01011,1400E_00541,14019_MetR_00527,1500E_01160,18-4_00796,23-12_00604,26-12_00799,30-4_00102,315-A_01006,3549624_01120,409-05_00206,41V_00270,5-1_00530,55152_00539,6119V5_00144,6420B_00473,75712_01296,AMD_01037,ATCC14018a_00498,ATCC14018b_00195,ATCC14018c_01019,ATCC14019_00327,ATCC49145_01079,CMW7778B_00404,DNF01149_01054,DNF01162_00239,FDAARGOS_296_00451,GED7275B_00783,GED7760B_00880,GV37_00233,HMP9231_01190,JCP7275_01109,JCP7276_00247,JCP7659_00590,JCP7672_00820,JCP7719_01060,JCP8017A_00810,JCP8017B_00097,JCP8066_00614,JCP8070_00391,JCP8108_00933,JCP8151A_00250,JCP8151B_01144,JCP8481A_00917,JCP8481B_00465,JCP8522_01068,KA00225_00622,KA00735_01081,PSS_7772B_00266,UMB0032A_01372,UMB0032B_00030,UMB0061_00031,UMB0170_00926,UMB0233_00520,UMB0264_00221,UMB0298_00031,UMB0386_00031,UMB0682_00885,UMB0768_01206,UMB0770_01287,UMB0775_00419,UMB0830_00232,UMB0833_00673,UMB0912_00213,UMB0913_00213,UMB1642_00945,UMB1686_00873
group_10627,NA,tRNA-Pro(tgg),72,72,1,63,2217,NA,NA,NA,74,76,74,007032Cmash_00442,00703Bmash_00171,00703Dmash_00748,0284V_00425,0288E_01301,101_00526,1400E_00873,14019_MetR_00766,1500E_00586,18-4_00105,23-12_01039,26-12_00230,30-4_00928,315-A_00772,3549624_00614,409-05_00595,41V_00057,5-1_00019,55152_00741,6119V5_00264,6420B_00604,75712_01063,AMD_00250,ATCC14018a_00127,ATCC14018b_00430,ATCC14018c_01252,ATCC14019_00563,ATCC49145_00454,CMW7778B_00362,DNF01149_00218,DNF01162_01054,FDAARGOS_296_00684,GED7275B_00184,GED7760B_01158,GV37_00697,HMP9231_00957,JCP7275_00985,JCP7276_00999,JCP7659_00534,JCP7672_01163,JCP7719_00781,JCP8017A_00974,JCP8017B_01080,JCP8066_00532,JCP8070_00365,JCP8108_00542,JCP8151A_00499,JCP8151B_00328,JCP8481A_00164,JCP8481B_00160,JCP8522_00506,KA00225_01262,KA00735_00337,PSS_7772B_00526,UMB0032A_00776,UMB0032B_00263,UMB0061_00263,UMB0170_00559,UMB0233_00753,UMB0264_00587,UMB0298_00264,UMB0386_00264,UMB0682_00549,UMB0768_00202,UMB0770_00693,UMB0775_00652,UMB0830_00950,UMB0833_00917,UMB0912_00591,UMB0913_00590,UMB1642_00107,UMB1686_00527
group_10628,NA,tRNA-Arg(acg),72,72,1,63,6997,NA,NA,NA,74,74,74,007032Cmash_00221,00703Bmash_01209,00703Dmash_00948,0284V_00492,0288E_01139,101_00718,1400E_00943,14019_MetR_00836,1500E_00355,18-4_00406,23-12_00405,26-12_00535,30-4_01127,315-A_00220,3549624_00552,409-05_00853,41V_00786,5-1_00974,55152_00675,6119V5_01040,6420B_00104,75712_00994,AMD_00511,ATCC14018a_00714,ATCC14018b_00500,ATCC14018c_01322,ATCC14019_00636,ATCC49145_00574,CMW7778B_00453,DNF01149_00284,DNF01162_00584,FDAARGOS_296_00804,GED7275B_00932,GED7760B_00040,GV37_00994,HMP9231_00890,JCP7275_00414,JCP7276_00021,JCP7659_01036,JCP7672_00307,JCP7719_00077,JCP8017A_00480,JCP8017B_00742,JCP8066_01139,JCP8070_00250,JCP8108_00326,JCP8151A_00759,JCP8151B_00113,JCP8481A_00732,JCP8481B_01060,JCP8522_00189,KA00225_00149,KA00735_00566,PSS_7772B_00367,UMB0032A_00708,UMB0032B_00330,UMB0061_00330,UMB0170_00302,UMB0233_00821,UMB0264_00845,UMB0298_00332,UMB0386_00333,UMB0682_00338,UMB0768_00271,UMB0770_00760,UMB0775_00719,UMB0830_00570,UMB0833_00269,UMB0912_00816,UMB0913_00815,UMB1642_00394,UMB1686_00321
group_10629,NA,tRNA-Ala(ggc),72,72,1,63,5168,NA,NA,NA,73,73,73,007032Cmash_00709,00703Bmash_00331,00703Dmash_01023,0284V_00667,0288E_00876,101_00005,1400E_00709,14019_MetR_01047,1500E_00281,18-4_00604,23-12_00565,26-12_00075,30-4_00151,315-A_00386,3549624_00173,409-05_00979,41V_00376,5-1_01050,55152_01142,6119V5_01114,6420B_00179,75712_00674,AMD_00436,ATCC14018a_00755,ATCC14018b_00819,ATCC14018c_00321,ATCC14019_00962,ATCC49145_01276,CMW7778B_00308,DNF01149_00494,DNF01162_00512,FDAARGOS_296_01125,GED7275B_00127,GED7760B_00982,GV37_01068,HMP9231_00589,JCP7275_01043,JCP7276_00598,JCP7659_00985,JCP7672_00020,JCP7719_01250,JCP8017A_00847,JCP8017B_01065,JCP8066_00849,JCP8070_00474,JCP8108_00365,JCP8151A_00918,JCP8151B_01063,JCP8481A_00544,JCP8481B_01216,JCP8522_00835,KA00225_01105,KA00735_00391,PSS_7772B_01073,UMB0032A_01059,UMB0032B_00669,UMB0061_01124,UMB0170_00226,UMB0233_01146,UMB0264_00921,UMB0298_00651,UMB0386_00652,UMB0682_00264,UMB0768_00608,UMB0770_01009,UMB0775_00953,UMB0830_00872,UMB0833_00845,UMB0912_00890,UMB0913_00889,UMB1642_00466,UMB1686_00251
infA,NA,Translation initiation factor IF-1,72,72,1,63,8696,NA,NA,NA,218,218,218,007032Cmash_01098,00703Bmash_00951,00703Dmash_00385,0284V_01215,0288E_00008,101_00184,1400E_00563,14019_MetR_00315,1500E_00960,18-4_00124,23-12_00291,26-12_01143,30-4_00766,315-A_00109,3549624_00892,409-05_00273,41V_00738,5-1_00598,55152_01125,6119V5_00074,6420B_00404,75712_00378,AMD_00968,ATCC14018a_00445,ATCC14018b_01091,ATCC14018c_00591,ATCC14019_01239,ATCC49145_00025,CMW7778B_00829,DNF01149_00996,DNF01162_00306,FDAARGOS_296_00042,GED7275B_00858,GED7760B_00546,GV37_00302,HMP9231_00254,JCP7275_00830,JCP7276_01158,JCP7659_00866,JCP7672_01226,JCP7719_00182,JCP8017A_01041,JCP8017B_00787,JCP8066_00865,JCP8070_00985,JCP8108_01224,JCP8151A_00846,JCP8151B_00952,JCP8481A_00229,JCP8481B_01144,JCP8522_01035,KA00225_00688,KA00735_01149,PSS_7772B_00632,UMB0032A_00266,UMB0032B_01015,UMB0061_00647,UMB0170_00859,UMB0233_00204,UMB0264_00288,UMB0298_00939,UMB0386_00940,UMB0682_00954,UMB0768_00870,UMB0770_00283,UMB0775_00295,UMB0830_00306,UMB0833_00750,UMB0912_00282,UMB0913_00282,UMB1642_01012,UMB1686_00801
rpsR1,NA,30S ribosomal protein S18 1,72,72,1,63,5579,NA,NA,NA,248,248,248,007032Cmash_00397,00703Bmash_01025,00703Dmash_00513,0284V_00600,0288E_00711,101_00243,1400E_01006,14019_MetR_00419,1500E_00909,18-4_00912,23-12_00933,26-12_00670,30-4_01160,315-A_01119,3549624_01431,409-05_00307,41V_00850,5-1_00632,55152_00488,6119V5_00817,6420B_00372,75712_00480,AMD_00936,ATCC14018a_00007,ATCC14018b_00987,ATCC14018c_00488,ATCC14019_01135,ATCC49145_00948,CMW7778B_01187,DNF01149_01139,DNF01162_00340,FDAARGOS_296_01315,GED7275B_00430,GED7760B_00615,GV37_00336,HMP9231_00370,JCP7275_00630,JCP7276_01075,JCP7659_00306,JCP7672_00274,JCP7719_01139,JCP8017A_00180,JCP8017B_00870,JCP8066_00807,JCP8070_00979,JCP8108_00350,JCP8151A_00886,JCP8151B_00810,JCP8481A_00694,JCP8481B_01165,JCP8522_00199,KA00225_00841,KA00735_00168,PSS_7772B_00403,UMB0032A_00157,UMB0032B_00905,UMB0061_00548,UMB0170_00824,UMB0233_00100,UMB0264_00323,UMB0298_00821,UMB0386_00822,UMB0682_00986,UMB0768_00769,UMB0770_00393,UMB0775_01147,UMB0830_00395,UMB0833_01170,UMB0912_00313,UMB0913_00313,UMB1642_01046,UMB1686_00751
rpsT,NA,30S ribosomal protein S20,72,72,1,63,3550,NA,NA,NA,260,260,260,007032Cmash_00964,00703Bmash_00392,00703Dmash_00934,0284V_00877,0288E_00943,101_00704,1400E_01329,14019_MetR_00976,1500E_00369,18-4_00348,23-12_00380,26-12_00953,30-4_00453,315-A_00452,3549624_00096,409-05_00825,41V_01213,5-1_00951,55152_00329,6119V5_01026,6420B_00089,75712_00740,AMD_00331,ATCC14018a_00779,ATCC14018b_00748,ATCC14018c_00250,ATCC14019_00887,ATCC49145_00823,CMW7778B_00306,DNF01149_00567,DNF01162_00601,FDAARGOS_296_01057,GED7275B_01177,GED7760B_00473,GV37_00977,HMP9231_00659,JCP7275_00574,JCP7276_00294,JCP7659_00753,JCP7672_00707,JCP7719_00703,JCP8017A_00601,JCP8017B_00396,JCP8066_00482,JCP8070_00670,JCP8108_00448,JCP8151A_01078,JCP8151B_00956,JCP8481A_00850,JCP8481B_00142,JCP8522_00129,KA00225_01107,KA00735_00393,PSS_7772B_00406,UMB0032A_01130,UMB0032B_00598,UMB0061_01052,UMB0170_00319,UMB0233_01079,UMB0264_00828,UMB0298_00585,UMB0386_00586,UMB0682_00353,UMB0768_00538,UMB0770_01081,UMB0775_01022,UMB0830_00816,UMB0833_00022,UMB0912_00801,UMB0913_00800,UMB1642_00377,UMB1686_00335
pgi,NA,Glucose-6-phosphate isomerase,72,72,1,63,6491,NA,NA,NA,1187,1694,1682,007032Cmash_01060,00703Bmash_00989,00703Dmash_01073,0284V_01259,0288E_00351,101_00056,1400E_00362,14019_MetR_00356,1500E_00188,18-4_00771,23-12_00761,26-12_00373,30-4_00371,315-A_00146,3549624_00842,409-05_00337,41V_00120,5-1_00662,55152_00380,6119V5_01165,6420B_00342,75712_00423,AMD_00906,ATCC14018a_00579,ATCC14018b_01050,ATCC14018c_00550,ATCC14019_01198,ATCC49145_00770,CMW7778B_00540,DNF01149_01077,DNF01162_00804,FDAARGOS_296_01377,GED7275B_00896,GED7760B_00920,GV37_00366,HMP9231_00307,JCP7275_00150,JCP7276_00735,JCP7659_00391,JCP7672_00785,JCP7719_00951,JCP8017A_00354,JCP8017B_00888,JCP8066_00649,JCP8070_00808,JCP8108_00811,JCP8151A_00693,JCP8151B_00702,JCP8481A_01030,JCP8481B_00345,JCP8522_00440,KA00225_00010,KA00735_00651,PSS_7772B_00012,UMB0032A_00218,UMB0032B_00967,UMB0061_00610,UMB0170_00794,UMB0233_00157,UMB0264_00353,UMB0298_00883,UMB0386_00884,UMB0682_01016,UMB0768_00830,UMB0770_00331,UMB0775_00337,UMB0830_00344,UMB0833_00788,UMB0912_00343,UMB0913_00343,UMB1642_01076,UMB1686_00200
pgm,NA,Phosphoglucomutase,72,72,1,63,8915,NA,NA,NA,425,1673,1559,007032Cmash_01073,00703Bmash_00976,00703Dmash_00479,0284V_00245,0288E_00566,101_00206,1400E_01116,14019_MetR_00581,1500E_00941,18-4_00861,23-12_01097,26-12_00710,30-4_00748,315-A_00952,3549624_01175,409-05_00295,41V_00223,5-1_00620,55152_00583,6119V5_00054,6420B_00386,75712_01243,AMD_00950,ATCC14018a_00244,ATCC14018b_00249,ATCC14018c_01072,ATCC14019_00381,ATCC49145_00275,CMW7778B_01170,DNF01149_00039,DNF01162_00328,FDAARGOS_296_00505,GED7275B_00883,GED7760B_00571,GV37_00324,HMP9231_01136,JCP7275_00465,JCP7276_00781,JCP7659_01102,JCP7672_01211,JCP7719_01064,JCP8017A_00384,JCP8017B_00684,JCP8066_00963,JCP8070_00300,JCP8108_00680,JCP8151A_00680,JCP8151B_00979,JCP8481A_00415,JCP8481B_00602,JCP8522_00900,KA00225_01016,KA00735_00185,PSS_7772B_00695,UMB0032A_00955,UMB0032B_00084,UMB0061_00084,UMB0170_00836,UMB0233_00574,UMB0264_00311,UMB0298_00085,UMB0386_00085,UMB0682_00972,UMB0768_00023,UMB0770_00514,UMB0775_00472,UMB0830_00331,UMB0833_00775,UMB0912_00300,UMB0913_00300,UMB1642_01034,UMB1686_00782
rpoA,NA,DNA-directed RNA polymerase subunit alpha,72,72,1,63,8699,NA,NA,NA,971,995,994,007032Cmash_01095,00703Bmash_00954,00703Dmash_00388,0284V_01218,0288E_00005,101_00187,1400E_00560,14019_MetR_00318,1500E_00957,18-4_00121,23-12_00288,26-12_01146,30-4_00763,315-A_00112,3549624_00889,409-05_00276,41V_00735,5-1_00601,55152_01128,6119V5_00071,6420B_00401,75712_00381,AMD_00965,ATCC14018a_00442,ATCC14018b_01088,ATCC14018c_00588,ATCC14019_01236,ATCC49145_00022,CMW7778B_00826,DNF01149_00999,DNF01162_00309,FDAARGOS_296_00039,GED7275B_00861,GED7760B_00549,GV37_00305,HMP9231_00257,JCP7275_01025,JCP7276_00504,JCP7659_00188,JCP7672_00268,JCP7719_01263,JCP8017A_00056,JCP8017B_00158,JCP8066_00261,JCP8070_00658,JCP8108_00709,JCP8151A_00363,JCP8151B_01257,JCP8481A_00386,JCP8481B_00670,JCP8522_00487,KA00225_00691,KA00735_01152,PSS_7772B_00635,UMB0032A_00263,UMB0032B_01012,UMB0061_00644,UMB0170_00856,UMB0233_00201,UMB0264_00291,UMB0298_00936,UMB0386_00937,UMB0682_00957,UMB0768_00867,UMB0770_00286,UMB0775_00298,UMB0830_00309,UMB0833_00753,UMB0912_00285,UMB0913_00285,UMB1642_01015,UMB1686_00798
rplJ,NA,50S ribosomal protein L10,72,72,1,63,8821,NA,NA,NA,371,521,516,007032Cmash_01154,00703Bmash_00895,00703Dmash_00333,0284V_00215,0288E_01314,101_01029,1400E_01146,14019_MetR_00552,1500E_01141,18-4_01199,23-12_00053,26-12_00293,30-4_00922,315-A_00982,3549624_01145,409-05_00223,41V_00246,5-1_00547,55152_00563,6119V5_00125,6420B_00456,75712_01272,AMD_01020,ATCC14018a_00960,ATCC14018b_00219,ATCC14018c_01043,ATCC14019_00351,ATCC49145_01055,CMW7778B_00879,DNF01149_00010,DNF01162_00256,FDAARGOS_296_00475,GED7275B_00801,GED7760B_00966,GV37_00250,HMP9231_01166,JCP7275_01198,JCP7276_00428,JCP7659_00870,JCP7672_00881,JCP7719_00502,JCP8017A_00066,JCP8017B_01293,JCP8066_00940,JCP8070_00627,JCP8108_00778,JCP8151A_00703,JCP8151B_00945,JCP8481A_00699,JCP8481B_00456,JCP8522_00216,KA00225_00640,KA00735_01099,PSS_7772B_00285,UMB0032A_01348,UMB0032B_00054,UMB0061_00055,UMB0170_00909,UMB0233_00544,UMB0264_00238,UMB0298_00056,UMB0386_00056,UMB0682_00902,UMB0768_01230,UMB0770_01311,UMB0775_00443,UMB0830_00250,UMB0833_00691,UMB0912_00230,UMB0913_00230,UMB1642_00962,UMB1686_00854
valS,NA,Valine--tRNA ligase,72,72,1,63,8395,NA,NA,NA,1595,2777,2740,007032Cmash_01185,00703Bmash_00864,00703Dmash_00293,0284V_01158,0288E_00070,101_00990,1400E_00621,14019_MetR_00251,1500E_01182,18-4_00500,23-12_00589,26-12_00910,30-4_01238,315-A_00052,3549624_00949,409-05_00191,41V_00178,5-1_00515,55152_01068,6119V5_00163,6420B_00489,75712_00316,AMD_01056,ATCC14018a_00292,ATCC14018b_01152,ATCC14018c_00654,ATCC14019_01301,ATCC49145_00082,CMW7778B_00974,DNF01149_00939,DNF01162_00224,FDAARGOS_296_00099,GED7275B_00770,GED7760B_00867,GV37_00218,HMP9231_00194,JCP7275_00476,JCP7276_00543,JCP7659_01155,JCP7672_00807,JCP7719_00945,JCP8017A_00796,JCP8017B_00661,JCP8066_00979,JCP8070_01004,JCP8108_00198,JCP8151A_00836,JCP8151B_00999,JCP8481A_01017,JCP8481B_00620,JCP8522_01054,KA00225_00604,KA00735_01035,PSS_7772B_00803,UMB0032A_00323,UMB0032B_01072,UMB0061_00704,UMB0170_00941,UMB0233_00261,UMB0264_00206,UMB0298_01002,UMB0386_01003,UMB0682_00866,UMB0768_00931,UMB0770_00226,UMB0775_00237,UMB0830_00218,UMB0833_00660,UMB0912_00194,UMB0913_00194,UMB1642_00930,UMB1686_00893
group_1299,NA,tRNA-Leu(taa),72,72,1,63,5191,NA,NA,NA,84,84,84,007032Cmash_00634,00703Bmash_00296,00703Dmash_00785,0284V_00131,0288E_01104,101_00564,1400E_00662,14019_MetR_01186,1500E_00623,18-4_00596,23-12_00273,26-12_00597,30-4_00169,315-A_00619,3549624_00477,409-05_00640,41V_00656,5-1_00073,55152_00587,6119V5_00303,6420B_00644,75712_00914,AMD_00210,ATCC14018a_00801,ATCC14018b_00580,ATCC14018c_00081,ATCC14019_00717,ATCC49145_00652,CMW7778B_00496,DNF01149_00361,DNF01162_01103,FDAARGOS_296_00882,GED7275B_00987,GED7760B_00195,GV37_00738,HMP9231_00822,JCP7275_00088,JCP7276_00091,JCP7659_01083,JCP7672_00162,JCP7719_00125,JCP8017A_00474,JCP8017B_01175,JCP8066_00195,JCP8070_00097,JCP8108_00214,JCP8151A_00032,JCP8151B_00165,JCP8481A_00484,JCP8481B_00232,JCP8522_00755,KA00225_00096,KA00735_00608,PSS_7772B_01045,UMB0032A_00628,UMB0032B_00410,UMB0061_00398,UMB0170_00510,UMB0233_00889,UMB0264_00636,UMB0298_00410,UMB0386_00411,UMB0682_00509,UMB0768_00349,UMB0770_00851,UMB0775_00798,UMB0830_00629,UMB0833_00212,UMB0912_00631,UMB0913_00630,UMB1642_00157,UMB1686_00490
guaB,NA,Inosine-5'-monophosphate dehydrogenase,72,72,1,63,5008,NA,NA,NA,545,1544,1516,007032Cmash_00690,00703Bmash_00350,00703Dmash_01159,0284V_00647,0288E_00894,101_01196,1400E_01376,14019_MetR_01026,1500E_00405,18-4_01068,23-12_00982,26-12_00050,30-4_00023,315-A_00404,3549624_00151,409-05_01059,41V_00618,5-1_01122,55152_00008,6119V5_00792,6420B_00932,75712_00692,AMD_00037,ATCC14018a_00517,ATCC14018b_00798,ATCC14018c_00300,ATCC14019_00937,ATCC49145_01255,CMW7778B_00156,DNF01149_00515,DNF01162_00433,FDAARGOS_296_01104,GED7275B_00107,GED7760B_01001,GV37_01149,HMP9231_00610,JCP7275_00664,JCP7276_00967,JCP7659_00695,JCP7672_00987,JCP7719_00742,JCP8017A_01105,JCP8017B_00936,JCP8066_00428,JCP8070_00195,JCP8108_00532,JCP8151A_00523,JCP8151B_00226,JCP8481A_00098,JCP8481B_01170,JCP8522_00946,KA00225_00912,KA00735_00282,PSS_7772B_00325,UMB0032A_01080,UMB0032B_00648,UMB0061_01103,UMB0170_00157,UMB0233_01128,UMB0264_00991,UMB0298_00633,UMB0386_00634,UMB0682_00191,UMB0768_00587,UMB0770_01030,UMB0775_00974,UMB0830_00891,UMB0833_00826,UMB0912_00963,UMB0913_00962,UMB1642_00546,UMB1686_00175
pgk,NA,Phosphoglycerate kinase,72,72,1,63,4551,NA,NA,NA,536,1205,1179,007032Cmash_00823,00703Bmash_00544,00703Dmash_00978,0284V_00086,0288E_00653,101_00748,1400E_00271,14019_MetR_01232,1500E_00324,18-4_01257,23-12_00900,26-12_01105,30-4_00602,315-A_00574,3549624_00430,409-05_00882,41V_01250,5-1_01004,55152_00906,6119V5_01069,6420B_00132,75712_00869,AMD_00483,ATCC14018a_00161,ATCC14018b_00625,ATCC14018c_00127,ATCC14019_00763,ATCC49145_00697,CMW7778B_00418,DNF01149_00406,DNF01162_00556,FDAARGOS_296_00927,GED7275B_01031,GED7760B_00336,GV37_01022,HMP9231_00777,JCP7275_00045,JCP7276_00138,JCP7659_00052,JCP7672_00118,JCP7719_00171,JCP8017A_01300,JCP8017B_00112,JCP8066_00242,JCP8070_00144,JCP8108_00974,JCP8151A_00087,JCP8151B_00212,JCP8481A_00520,JCP8481B_00921,JCP8522_00800,KA00225_00185,KA00735_00531,PSS_7772B_00706,UMB0032A_00584,UMB0032B_00454,UMB0061_00442,UMB0170_00273,UMB0233_00934,UMB0264_00873,UMB0298_00455,UMB0386_00456,UMB0682_00310,UMB0768_00394,UMB0770_00895,UMB0775_00842,UMB0830_00676,UMB0833_00166,UMB0912_00844,UMB0913_00843,UMB1642_00421,UMB1686_00292
tkt,NA,Transketolase,72,72,1,63,4522,NA,NA,NA,344,2219,1970,007032Cmash_00842,00703Bmash_00521,00703Dmash_00970,0284V_00057,0288E_01043,101_00741,1400E_01227,14019_MetR_00875,1500E_00332,18-4_00329,23-12_00870,26-12_01099,30-4_00671,315-A_00552,3549624_00416,409-05_00876,41V_01241,5-1_00997,55152_00226,6119V5_01062,6420B_00126,75712_00840,AMD_00489,ATCC14018a_00831,ATCC14018b_00648,ATCC14018c_00150,ATCC14019_00785,ATCC49145_00923,CMW7778B_00413,DNF01149_00667,DNF01162_00562,FDAARGOS_296_00957,GED7275B_01056,GED7760B_00341,GV37_01016,HMP9231_00760,JCP7275_00207,JCP7276_00535,JCP7659_00070,JCP7672_00102,JCP7719_00582,JCP8017A_00722,JCP8017B_00275,JCP8066_00981,JCP8070_00851,JCP8108_01287,JCP8151A_00107,JCP8151B_01154,JCP8481A_01182,JCP8481B_00926,JCP8522_00348,KA00225_00195,KA00735_00526,PSS_7772B_00612,UMB0032A_01230,UMB0032B_00498,UMB0061_00944,UMB0170_00279,UMB0233_00979,UMB0264_00867,UMB0298_00477,UMB0386_00478,UMB0682_00316,UMB0768_00430,UMB0770_01181,UMB0775_01122,UMB0830_00695,UMB0833_00143,UMB0912_00838,UMB0913_00837,UMB1642_00416,UMB1686_00299
ppgK,NA,Polyphosphate glucokinase,72,72,1,63,3169,NA,NA,NA,323,776,764,007032Cmash_00848,00703Bmash_00515,00703Dmash_00899,0284V_00051,0288E_01037,101_00668,1400E_01233,14019_MetR_00881,1500E_00554,18-4_00693,23-12_00641,26-12_00405,30-4_01004,315-A_00546,3549624_00410,409-05_00793,41V_00566,5-1_00919,55152_00232,6119V5_00986,6420B_00763,75712_00834,AMD_00365,ATCC14018a_00837,ATCC14018b_00654,ATCC14018c_00156,ATCC14019_00791,ATCC49145_00917,CMW7778B_00250,DNF01149_00661,DNF01162_00633,FDAARGOS_296_00963,GED7275B_01062,GED7760B_00347,GV37_00945,HMP9231_00754,JCP7275_01133,JCP7276_00387,JCP7659_00076,JCP7672_00474,JCP7719_00588,JCP8017A_00716,JCP8017B_00281,JCP8066_00987,JCP8070_00857,JCP8108_00028,JCP8151A_00113,JCP8151B_00659,JCP8481A_00297,JCP8481B_00107,JCP8522_00342,KA00225_00286,KA00735_00453,PSS_7772B_00844,UMB0032A_01224,UMB0032B_00504,UMB0061_00950,UMB0170_00351,UMB0233_00985,UMB0264_00796,UMB0298_00483,UMB0386_00484,UMB0682_00387,UMB0768_00436,UMB0770_01175,UMB0775_01116,UMB0830_00701,UMB0833_00137,UMB0912_00767,UMB0913_00766,UMB1642_00345,UMB1686_00376
lepA,NA,Elongation factor 4,72,72,1,63,3549,NA,NA,NA,203,1889,1785,007032Cmash_00963,00703Bmash_00393,00703Dmash_00933,0284V_00878,0288E_00944,101_00703,1400E_01328,14019_MetR_00975,1500E_01016,18-4_00349,23-12_00381,26-12_00472,30-4_00451,315-A_00453,3549624_00095,409-05_00824,41V_01212,5-1_00950,55152_00328,6119V5_01025,6420B_00088,75712_00741,AMD_00332,ATCC14018a_00778,ATCC14018b_00747,ATCC14018c_00249,ATCC14019_00886,ATCC49145_00824,CMW7778B_00305,DNF01149_00568,DNF01162_00602,FDAARGOS_296_01056,GED7275B_01176,GED7760B_00472,GV37_00976,HMP9231_00660,JCP7275_00575,JCP7276_00295,JCP7659_00754,JCP7672_00708,JCP7719_00702,JCP8017A_00602,JCP8017B_00395,JCP8066_00520,JCP8070_00974,JCP8108_00447,JCP8151A_01077,JCP8151B_00419,JCP8481A_00851,JCP8481B_00141,JCP8522_00698,KA00225_01108,KA00735_00394,PSS_7772B_00407,UMB0032A_01131,UMB0032B_00597,UMB0061_01051,UMB0170_00320,UMB0233_01078,UMB0264_00827,UMB0298_00584,UMB0386_00585,UMB0682_00354,UMB0768_00537,UMB0770_01082,UMB0775_01023,UMB0830_00815,UMB0833_00023,UMB0912_00800,UMB0913_00799,UMB1642_00376,UMB1686_00336
serS,NA,Serine--tRNA ligase,72,72,1,63,6688,NA,NA,NA,1112,1286,1283,007032Cmash_01051,00703Bmash_00998,00703Dmash_01117,0284V_00270,0288E_00541,101_01153,1400E_01093,14019_MetR_00606,1500E_00442,18-4_01027,23-12_01129,26-12_00320,30-4_00966,315-A_00927,3549624_01381,409-05_00350,41V_01145,5-1_00675,55152_01303,6119V5_00754,6420B_00329,75712_01217,AMD_00893,ATCC14018a_00888,ATCC14018b_00274,ATCC14018c_01097,ATCC14019_00406,ATCC49145_00300,CMW7778B_00622,DNF01149_00064,DNF01162_00817,FDAARGOS_296_00530,GED7275B_00905,GED7760B_00911,GV37_00379,HMP9231_01111,JCP7275_00777,JCP7276_00712,JCP7659_00238,JCP7672_00905,JCP7719_00959,JCP8017A_01318,JCP8017B_00897,JCP8066_00640,JCP8070_00346,JCP8108_01148,JCP8151A_01067,JCP8151B_00711,JCP8481A_01043,JCP8481B_00332,JCP8522_00449,KA00225_00813,KA00735_00129,PSS_7772B_00025,UMB0032A_00930,UMB0032B_00109,UMB0061_00109,UMB0170_00781,UMB0233_00599,UMB0264_00366,UMB0298_00110,UMB0386_00110,UMB0682_01030,UMB0768_00048,UMB0770_00539,UMB0775_00497,UMB0830_00353,UMB0833_00797,UMB0912_00356,UMB0913_00356,UMB1642_01089,UMB1686_00126
rpsE,NA,30S ribosomal protein S5,72,72,1,63,8685,NA,NA,NA,389,728,688,007032Cmash_01103,00703Bmash_00946,00703Dmash_00380,0284V_01210,0288E_00013,101_00179,1400E_00568,14019_MetR_00310,1500E_00965,18-4_00129,23-12_00296,26-12_01138,30-4_00771,315-A_00104,3549624_00897,409-05_00268,41V_00743,5-1_00593,55152_01120,6119V5_00079,6420B_00409,75712_00373,AMD_00973,ATCC14018a_00450,ATCC14018b_01096,ATCC14018c_00596,ATCC14019_01244,ATCC49145_00030,CMW7778B_00834,DNF01149_00991,DNF01162_00301,FDAARGOS_296_00047,GED7275B_00853,GED7760B_00541,GV37_00297,HMP9231_00249,JCP7275_00825,JCP7276_01153,JCP7659_00861,JCP7672_01231,JCP7719_00177,JCP8017A_01036,JCP8017B_00782,JCP8066_00870,JCP8070_00980,JCP8108_01219,JCP8151A_00851,JCP8151B_00947,JCP8481A_01149,JCP8481B_01139,JCP8522_01040,KA00225_00683,KA00735_01144,PSS_7772B_00626,UMB0032A_00271,UMB0032B_01020,UMB0061_00652,UMB0170_00864,UMB0233_00209,UMB0264_00283,UMB0298_00944,UMB0386_00945,UMB0682_00949,UMB0768_00875,UMB0770_00278,UMB0775_00290,UMB0830_00301,UMB0833_00745,UMB0912_00277,UMB0913_00277,UMB1642_01007,UMB1686_00806
rplP,NA,50S ribosomal protein L16,72,72,1,63,8673,NA,NA,NA,173,419,386,007032Cmash_01113,00703Bmash_00936,00703Dmash_00370,0284V_01200,0288E_00023,101_00169,1400E_00578,14019_MetR_00300,1500E_00975,18-4_00139,23-12_00306,26-12_01128,30-4_00781,315-A_00094,3549624_00907,409-05_00258,41V_00753,5-1_00583,55152_01110,6119V5_00089,6420B_00419,75712_00363,AMD_00983,ATCC14018a_00460,ATCC14018b_01106,ATCC14018c_00606,ATCC14019_01254,ATCC49145_00040,CMW7778B_00844,DNF01149_00981,DNF01162_00291,FDAARGOS_296_00057,GED7275B_00843,GED7760B_00531,GV37_00287,HMP9231_00239,JCP7275_00672,JCP7276_00645,JCP7659_00436,JCP7672_00595,JCP7719_00900,JCP8017A_00342,JCP8017B_00409,JCP8066_00471,JCP8070_00284,JCP8108_00837,JCP8151A_00545,JCP8151B_00522,JCP8481A_01095,JCP8481B_01103,JCP8522_00143,KA00225_00673,KA00735_01134,PSS_7772B_00668,UMB0032A_00281,UMB0032B_01030,UMB0061_00662,UMB0170_00874,UMB0233_00219,UMB0264_00273,UMB0298_00954,UMB0386_00955,UMB0682_00939,UMB0768_00885,UMB0770_00268,UMB0775_00280,UMB0830_00291,UMB0833_00735,UMB0912_00267,UMB0913_00267,UMB1642_00997,UMB1686_00816
rplW,NA,50S ribosomal protein L23,72,72,1,63,8668,NA,NA,NA,296,296,296,007032Cmash_01118,00703Bmash_00931,00703Dmash_00365,0284V_01195,0288E_00028,101_00164,1400E_00583,14019_MetR_00295,1500E_00980,18-4_00144,23-12_00311,26-12_01123,30-4_00786,315-A_00089,3549624_00912,409-05_00253,41V_00758,5-1_00578,55152_01105,6119V5_00094,6420B_00424,75712_00358,AMD_00988,ATCC14018a_00465,ATCC14018b_01111,ATCC14018c_00611,ATCC14019_01259,ATCC49145_00045,CMW7778B_00849,DNF01149_00976,DNF01162_00286,FDAARGOS_296_00062,GED7275B_00838,GED7760B_00526,GV37_00282,HMP9231_00234,JCP7275_00525,JCP7276_00503,JCP7659_00445,JCP7672_00850,JCP7719_00327,JCP8017A_00403,JCP8017B_00576,JCP8066_00627,JCP8070_00756,JCP8108_00638,JCP8151A_00531,JCP8151B_00306,JCP8481A_01100,JCP8481B_00012,JCP8522_00193,KA00225_00668,KA00735_01129,PSS_7772B_00673,UMB0032A_00286,UMB0032B_01035,UMB0061_00667,UMB0170_00879,UMB0233_00224,UMB0264_00268,UMB0298_00959,UMB0386_00960,UMB0682_00934,UMB0768_00890,UMB0770_00263,UMB0775_00275,UMB0830_00287,UMB0833_00730,UMB0912_00262,UMB0913_00262,UMB1642_00992,UMB1686_00821
rplC,NA,50S ribosomal protein L3,72,72,1,63,8666,NA,NA,NA,152,650,636,007032Cmash_01120,00703Bmash_00929,00703Dmash_00363,0284V_01193,0288E_00030,101_00162,1400E_00585,14019_MetR_00293,1500E_00982,18-4_00146,23-12_00313,26-12_01121,30-4_00788,315-A_00087,3549624_00914,409-05_00251,41V_00760,5-1_00576,55152_01103,6119V5_00096,6420B_00426,75712_00356,AMD_00990,ATCC14018a_00467,ATCC14018b_01113,ATCC14018c_00613,ATCC14019_01261,ATCC49145_00047,CMW7778B_00851,DNF01149_00974,DNF01162_00284,FDAARGOS_296_00064,GED7275B_00836,GED7760B_00524,GV37_00280,HMP9231_00232,JCP7275_00527,JCP7276_00501,JCP7659_00447,JCP7672_00848,JCP7719_00325,JCP8017A_00405,JCP8017B_00578,JCP8066_00629,JCP8070_00758,JCP8108_00640,JCP8151A_00533,JCP8151B_00304,JCP8481A_01102,JCP8481B_00010,JCP8522_00195,KA00225_00666,KA00735_01127,PSS_7772B_00675,UMB0032A_00288,UMB0032B_01037,UMB0061_00669,UMB0170_00881,UMB0233_00226,UMB0264_00266,UMB0298_00961,UMB0386_00962,UMB0682_00932,UMB0768_00892,UMB0770_00261,UMB0775_00273,UMB0830_00285,UMB0833_00728,UMB0912_00260,UMB0913_00260,UMB1642_00990,UMB1686_00823
rpsO,NA,30S ribosomal protein S15,72,72,1,63,9053,NA,NA,NA,269,359,270,007032Cmash_01169,00703Bmash_00880,00703Dmash_00317,0284V_00194,0288E_01344,101_01014,1400E_00538,14019_MetR_00530,1500E_01156,18-4_00793,23-12_00601,26-12_00796,30-4_00105,315-A_01003,3549624_01123,409-05_00209,41V_00267,5-1_00533,55152_00542,6119V5_00140,6420B_00470,75712_01293,AMD_01034,ATCC14018a_00501,ATCC14018b_00198,ATCC14018c_01022,ATCC14019_00330,ATCC49145_01076,CMW7778B_00401,DNF01149_01057,DNF01162_00242,FDAARGOS_296_00454,GED7275B_00786,GED7760B_00883,GV37_00236,HMP9231_01187,JCP7275_01106,JCP7276_00244,JCP7659_00593,JCP7672_00823,JCP7719_01063,JCP8017A_00807,JCP8017B_00094,JCP8066_00611,JCP8070_00394,JCP8108_00930,JCP8151A_00247,JCP8151B_01141,JCP8481A_00920,JCP8481B_00462,JCP8522_01071,KA00225_00625,KA00735_01084,PSS_7772B_00269,UMB0032A_01369,UMB0032B_00033,UMB0061_00034,UMB0170_00923,UMB0233_00523,UMB0264_00224,UMB0298_00034,UMB0386_00034,UMB0682_00888,UMB0768_01209,UMB0770_01290,UMB0775_00422,UMB0830_00235,UMB0833_00676,UMB0912_00216,UMB0913_00216,UMB1642_00948,UMB1686_00869
atpA,NA,ATP synthase subunit alpha,72,72,1,63,4270,NA,NA,NA,596,1676,1649,007032Cmash_01233,00703Bmash_00817,00703Dmash_00248,0284V_01103,0288E_00142,101_00945,1400E_00227,14019_MetR_00201,1500E_00005,18-4_01031,23-12_01118,26-12_00782,30-4_00292,315-A_01277,3549624_01005,409-05_00146,41V_00451,5-1_00473,55152_00195,6119V5_00503,6420B_00531,75712_00263,AMD_01105,ATCC14018a_01232,ATCC14018b_01202,ATCC14018c_00704,ATCC14019_00005,ATCC49145_00138,CMW7778B_01053,DNF01149_00886,DNF01162_00173,FDAARGOS_296_00155,GED7275B_00726,GED7760B_00827,GV37_00176,HMP9231_00132,JCP7275_01089,JCP7276_00695,JCP7659_00648,JCP7672_01134,JCP7719_01080,JCP8017A_00077,JCP8017B_00429,JCP8066_00358,JCP8070_00610,JCP8108_00150,JCP8151A_00946,JCP8151B_00914,JCP8481A_01221,JCP8481B_00215,JCP8522_00243,KA00225_00524,KA00735_00956,PSS_7772B_00748,UMB0032A_00374,UMB0032B_01123,UMB0061_00759,UMB0170_00983,UMB0233_00316,UMB0264_00164,UMB0298_01052,UMB0386_01053,UMB0682_00825,UMB0768_00990,UMB0770_00173,UMB0775_00179,UMB0830_00168,UMB0833_00612,UMB0912_00155,UMB0913_00155,UMB1642_00880,UMB1686_00939
gatC,NA,Glutamyl-tRNA(Gln) amidotransferase subunit C,72,72,1,63,7668,NA,NA,NA,296,401,302,007032Cmash_00057,00703Bmash_00793,00703Dmash_00207,0284V_01063,0288E_00182,101_00904,1400E_00187,14019_MetR_00141,1500E_00047,18-4_00389,23-12_00863,26-12_00431,30-4_01003,315-A_01317,3549624_01046,409-05_00104,41V_00492,5-1_00424,55152_00155,6119V5_00545,6420B_00573,75712_00222,AMD_01148,ATCC14018a_01136,ATCC14018b_01262,ATCC14018c_00764,ATCC14019_00065,ATCC49145_00178,CMW7778B_01043,DNF01149_00846,DNF01162_00123,FDAARGOS_296_00195,GED7275B_00702,GED7760B_00803,GV37_00127,HMP9231_01308,JCP7275_01221,JCP7276_00465,JCP7659_01164,JCP7672_01094,JCP7719_01197,JCP8017A_00165,JCP8017B_00021,JCP8066_00446,JCP8070_00169,JCP8108_00293,JCP8151A_01247,JCP8151B_00879,JCP8481A_00794,JCP8481B_00018,JCP8522_00023,KA00225_00539,KA00735_00966,PSS_7772B_00187,UMB0032A_00414,UMB0032B_01163,UMB0061_00799,UMB0170_01026,UMB0233_00356,UMB0264_00122,UMB0298_01092,UMB0386_01093,UMB0682_00783,UMB0768_01030,UMB0770_00133,UMB0775_00139,UMB0830_00143,UMB0833_00589,UMB0912_00113,UMB0913_00113,UMB1642_00831,UMB1686_00980
typA,NA,GTP-binding protein TypA/BipA,72,72,1,63,2192,NA,NA,NA,635,1925,1834,007032Cmash_00368,00703Bmash_01055,00703Dmash_00620,0284V_00804,0288E_00743,101_00351,1400E_01039,14019_MetR_00451,1500E_00797,18-4_00236,23-12_00021,26-12_00030,30-4_00035,315-A_01089,3549624_00376,409-05_00460,41V_01058,5-1_00812,55152_00456,6119V5_00436,6420B_00235,75712_00513,AMD_00782,ATCC14018a_00039,ATCC14018b_00955,ATCC14018c_00456,ATCC14019_01103,ATCC49145_00979,CMW7778B_00137,DNF01149_01256,DNF01162_00927,FDAARGOS_296_01284,GED7275B_00460,GED7760B_00620,GV37_00491,HMP9231_00402,JCP7275_00319,JCP7276_01126,JCP7659_00001,JCP7672_00459,JCP7719_00868,JCP8017A_01086,JCP8017B_00075,JCP8066_00921,JCP8070_00229,JCP8108_00985,JCP8151A_00819,JCP8151B_00515,JCP8481A_00764,JCP8481B_00474,JCP8522_00635,KA00225_00893,KA00735_00263,PSS_7772B_00961,UMB0032A_00125,UMB0032B_00873,UMB0061_00517,UMB0170_00670,UMB0233_00070,UMB0264_00476,UMB0298_00789,UMB0386_00790,UMB0682_01139,UMB0768_00739,UMB0770_00425,UMB0775_01178,UMB0830_00425,UMB0833_01201,UMB0912_00474,UMB0913_00473,UMB1642_01199,UMB1686_00637
glyQS,NA,Glycine--tRNA ligase,72,72,1,63,2642,NA,NA,NA,1520,1568,1520,007032Cmash_00502,00703Bmash_00232,00703Dmash_00595,0284V_00366,0288E_00445,101_00326,1400E_00812,14019_MetR_00705,1500E_00822,18-4_00674,23-12_00792,26-12_00848,30-4_01020,315-A_00831,3549624_00674,409-05_00435,41V_00949,5-1_00759,55152_00814,6119V5_00411,6420B_00210,75712_01123,AMD_00807,ATCC14018a_01222,ATCC14018b_00370,ATCC14018c_01192,ATCC14019_00502,ATCC49145_00394,CMW7778B_00140,DNF01149_00158,DNF01162_00902,FDAARGOS_296_00624,GED7275B_00245,GED7760B_01100,GV37_00466,HMP9231_01017,JCP7275_00868,JCP7276_01291,JCP7659_00119,JCP7672_00747,JCP7719_00547,JCP8017A_00021,JCP8017B_01251,JCP8066_00725,JCP8070_01029,JCP8108_01079,JCP8151A_01124,JCP8151B_00375,JCP8481A_00580,JCP8481B_00698,JCP8522_00547,KA00225_00895,KA00735_00266,PSS_7772B_00644,UMB0032A_00836,UMB0032B_00203,UMB0061_00203,UMB0170_00695,UMB0233_00693,UMB0264_00451,UMB0298_00204,UMB0386_00204,UMB0682_01114,UMB0768_00142,UMB0770_00633,UMB0775_00592,UMB0830_01011,UMB0833_00978,UMB0912_00449,UMB0913_00448,UMB1642_01174,UMB1686_00662
ychF,NA,Ribosome-binding ATPase YchF,72,72,1,63,5252,NA,NA,NA,1088,1088,1088,007032Cmash_00652,00703Bmash_00279,00703Dmash_00768,0284V_00148,0288E_01087,101_00547,1400E_00679,14019_MetR_01169,1500E_00607,18-4_00970,23-12_00530,26-12_00507,30-4_00662,315-A_00636,3549624_00495,409-05_00620,41V_00673,5-1_00048,55152_00605,6119V5_00286,6420B_00625,75712_00931,AMD_00229,ATCC14018a_00767,ATCC14018b_00563,ATCC14018c_00064,ATCC14019_00700,ATCC49145_00635,CMW7778B_00339,DNF01149_00344,DNF01162_01083,FDAARGOS_296_00865,GED7275B_00970,GED7760B_00181,GV37_00719,HMP9231_00839,JCP7275_00105,JCP7276_00074,JCP7659_01066,JCP7672_00179,JCP7719_00108,JCP8017A_00457,JCP8017B_01192,JCP8066_00178,JCP8070_00080,JCP8108_00231,JCP8151A_00015,JCP8151B_00148,JCP8481A_01143,JCP8481B_00189,JCP8522_00738,KA00225_00076,KA00735_00360,PSS_7772B_01065,UMB0032A_00645,UMB0032B_00393,UMB0061_00381,UMB0170_00530,UMB0233_00872,UMB0264_00616,UMB0298_00387,UMB0386_00388,UMB0682_00528,UMB0768_00332,UMB0770_00834,UMB0775_00781,UMB0830_00612,UMB0833_00229,UMB0912_00612,UMB0913_00611,UMB1642_00137,UMB1686_00507
tsaD,NA,tRNA N6-adenosine threonylcarbamoyltransferase,72,72,1,63,4684,NA,NA,NA,1043,1064,1055,007032Cmash_00796,00703Bmash_00572,00703Dmash_01007,0284V_00111,0288E_00678,101_00773,1400E_00246,14019_MetR_01206,1500E_00297,18-4_01097,23-12_00851,26-12_00763,30-4_00681,315-A_00599,3549624_00457,409-05_00911,41V_00598,5-1_01033,55152_00932,6119V5_01098,6420B_00162,75712_00894,AMD_00453,ATCC14018a_00988,ATCC14018b_00600,ATCC14018c_00102,ATCC14019_00737,ATCC49145_00672,CMW7778B_00284,DNF01149_00381,DNF01162_00528,FDAARGOS_296_00902,GED7275B_01005,GED7760B_00310,GV37_01051,HMP9231_00803,JCP7275_00070,JCP7276_00110,JCP7659_00024,JCP7672_00143,JCP7719_00144,JCP8017A_01272,JCP8017B_00140,JCP8066_00214,JCP8070_00116,JCP8108_00949,JCP8151A_00609,JCP8151B_00184,JCP8481A_00745,JCP8481B_00327,JCP8522_00774,KA00225_01129,KA00735_00415,PSS_7772B_01195,UMB0032A_00609,UMB0032B_00429,UMB0061_00417,UMB0170_00243,UMB0233_00909,UMB0264_00904,UMB0298_00430,UMB0386_00431,UMB0682_00281,UMB0768_00369,UMB0770_00870,UMB0775_00817,UMB0830_00648,UMB0833_00193,UMB0912_00873,UMB0913_00872,UMB1642_00450,UMB1686_00267
rplQ,NA,50S ribosomal protein L17,72,72,1,63,8721,NA,NA,NA,422,434,433,007032Cmash_01094,00703Bmash_00955,00703Dmash_00389,0284V_01219,0288E_00004,101_00188,1400E_00559,14019_MetR_00319,1500E_00956,18-4_00120,23-12_00287,26-12_01147,30-4_00762,315-A_00113,3549624_00888,409-05_00277,41V_00734,5-1_00602,55152_01129,6119V5_00070,6420B_00400,75712_00382,AMD_00964,ATCC14018a_00441,ATCC14018b_01087,ATCC14018c_00587,ATCC14019_01235,ATCC49145_00021,CMW7778B_00825,DNF01149_01000,DNF01162_00310,FDAARGOS_296_00038,GED7275B_00862,GED7760B_00550,GV37_00306,HMP9231_00258,JCP7275_01026,JCP7276_00505,JCP7659_00187,JCP7672_00267,JCP7719_01262,JCP8017A_00057,JCP8017B_00159,JCP8066_00262,JCP8070_00659,JCP8108_00710,JCP8151A_00362,JCP8151B_01256,JCP8481A_00387,JCP8481B_00671,JCP8522_00488,KA00225_00692,KA00735_01153,PSS_7772B_00636,UMB0032A_00262,UMB0032B_01011,UMB0061_00643,UMB0170_00855,UMB0233_00200,UMB0264_00292,UMB0298_00935,UMB0386_00936,UMB0682_00958,UMB0768_00866,UMB0770_00287,UMB0775_00299,UMB0830_00310,UMB0833_00754,UMB0912_00286,UMB0913_00286,UMB1642_01016,UMB1686_00797
pyrG,NA,CTP synthase,72,72,1,63,2035,NA,NA,NA,533,1682,1634,007032Cmash_00326,00703Bmash_01094,00703Dmash_00535,0284V_00771,0288E_00776,101_00265,1400E_00319,14019_MetR_00484,1500E_00887,18-4_00303,23-12_00357,26-12_00341,30-4_00742,315-A_01055,3549624_00340,409-05_00371,41V_01026,5-1_00696,55152_00424,6119V5_00838,6420B_00304,75712_00551,AMD_00872,ATCC14018a_01270,ATCC14018b_00923,ATCC14018c_00424,ATCC14019_01071,ATCC49145_01014,CMW7778B_01201,DNF01149_01289,DNF01162_00838,FDAARGOS_296_01249,GED7275B_00412,GED7760B_00093,GV37_00400,HMP9231_00435,JCP7275_00733,JCP7276_00696,JCP7659_00937,JCP7672_00859,JCP7719_01176,JCP8017A_00301,JCP8017B_00068,JCP8066_00772,JCP8070_00547,JCP8108_00302,JCP8151A_00039,JCP8151B_01036,JCP8481A_00538,JCP8481B_00775,JCP8522_00382,KA00225_00792,KA00735_00154,PSS_7772B_01223,UMB0032A_00092,UMB0032B_00840,UMB0061_00485,UMB0170_00760,UMB0233_00036,UMB0264_00387,UMB0298_00754,UMB0386_00755,UMB0682_01051,UMB0768_00707,UMB0770_00459,UMB0775_01213,UMB0830_00467,UMB0833_00425,UMB0912_00377,UMB0913_00376,UMB1642_01110,UMB1686_00729
thrS,NA,Threonine--tRNA ligase,72,72,1,63,5340,NA,NA,NA,2030,2030,2030,007032Cmash_00209,00703Bmash_00781,00703Dmash_00922,0284V_00163,0288E_01072,101_00692,1400E_00342,14019_MetR_01153,1500E_01031,18-4_00212,23-12_00877,26-12_00010,30-4_00053,315-A_00651,3549624_00510,409-05_00813,41V_00128,5-1_00939,55152_00633,6119V5_01011,6420B_00785,75712_00946,AMD_00343,ATCC14018a_01113,ATCC14018b_00548,ATCC14018c_00049,ATCC14019_00685,ATCC49145_00620,CMW7778B_00271,DNF01149_00329,DNF01162_00613,FDAARGOS_296_00850,GED7275B_00952,GED7760B_00059,GV37_00965,HMP9231_00854,JCP7275_00120,JCP7276_00059,JCP7659_00156,JCP7672_00194,JCP7719_00094,JCP8017A_00587,JCP8017B_01322,JCP8066_00163,JCP8070_00066,JCP8108_00128,JCP8151A_00762,JCP8151B_00134,JCP8481A_00861,JCP8481B_00131,JCP8522_00723,KA00225_01141,KA00735_00432,PSS_7772B_00417,UMB0032A_00660,UMB0032B_00378,UMB0061_00366,UMB0170_00331,UMB0233_00857,UMB0264_00816,UMB0298_00372,UMB0386_00373,UMB0682_00365,UMB0768_00317,UMB0770_00801,UMB0775_00759,UMB0830_00591,UMB0833_00249,UMB0912_00789,UMB0913_00788,UMB1642_00365,UMB1686_00352
fusA,NA,Elongation factor G,72,72,1,63,5959,NA,NA,NA,1559,2129,2121,007032Cmash_00535,00703Bmash_00128,00703Dmash_01109,0284V_00332,0288E_00478,101_01145,1400E_00771,14019_MetR_00669,1500E_00450,18-4_01134,23-12_01142,26-12_00356,30-4_00269,315-A_00864,3549624_00764,409-05_01071,41V_00983,5-1_01134,55152_00855,6119V5_00746,6420B_00944,75712_01155,AMD_00050,ATCC14018a_00323,ATCC14018b_00336,ATCC14018c_01158,ATCC14019_00468,ATCC49145_00362,CMW7778B_00110,DNF01149_00126,DNF01162_00421,FDAARGOS_296_00592,GED7275B_00275,GED7760B_01072,GV37_01214,HMP9231_01049,JCP7275_00450,JCP7276_01168,JCP7659_00289,JCP7672_01039,JCP7719_00392,JCP8017A_00917,JCP8017B_00471,JCP8066_00268,JCP8070_00304,JCP8108_00510,JCP8151A_00409,JCP8151B_00041,JCP8481A_00781,JCP8481B_01132,JCP8522_00668,KA00225_01009,KA00735_00236,PSS_7772B_00567,UMB0032A_00868,UMB0032B_00171,UMB0061_00171,UMB0170_00145,UMB0233_00661,UMB0264_01003,UMB0298_00172,UMB0386_00172,UMB0682_00133,UMB0768_00110,UMB0770_00601,UMB0775_00559,UMB0830_01043,UMB0833_01010,UMB0912_00975,UMB0913_00974,UMB1642_00558,UMB1686_00116
gap,NA,Glyceraldehyde-3-phosphate dehydrogenase,72,72,1,63,5611,NA,NA,NA,845,1055,1052,007032Cmash_00593,00703Bmash_00073,00703Dmash_00612,0284V_00611,0288E_00700,101_00343,1400E_00995,14019_MetR_00408,1500E_00805,18-4_00261,23-12_00730,26-12_00022,30-4_00043,315-A_01130,3549624_01420,409-05_00452,41V_00839,5-1_00804,55152_00499,6119V5_00428,6420B_00227,75712_00469,AMD_00790,ATCC14018a_00697,ATCC14018b_00998,ATCC14018c_00499,ATCC14019_01146,ATCC49145_00937,CMW7778B_00130,DNF01149_01128,DNF01162_00919,FDAARGOS_296_01326,GED7275B_00359,GED7760B_00946,GV37_00483,HMP9231_00359,JCP7275_00641,JCP7276_01064,JCP7659_00619,JCP7672_00285,JCP7719_01015,JCP8017A_01166,JCP8017B_01154,JCP8066_00134,JCP8070_01136,JCP8108_01178,JCP8151A_00860,JCP8151B_00827,JCP8481A_01071,JCP8481B_01043,JCP8522_00473,KA00225_00886,KA00735_00256,PSS_7772B_00953,UMB0032A_00168,UMB0032B_00916,UMB0061_00559,UMB0170_00678,UMB0233_00111,UMB0264_00468,UMB0298_00832,UMB0386_00833,UMB0682_01131,UMB0768_00780,UMB0770_00382,UMB0775_01136,UMB0830_01099,UMB0833_01067,UMB0912_00466,UMB0913_00465,UMB1642_01191,UMB1686_00645
map,NA,Methionine aminopeptidase 1,72,72,1,63,4971,NA,NA,NA,773,773,773,007032Cmash_00680,00703Bmash_00360,00703Dmash_01166,0284V_00836,0288E_00903,101_01203,1400E_01368,14019_MetR_01016,1500E_01129,18-4_00278,23-12_00048,26-12_00042,30-4_00014,315-A_00413,3549624_00138,409-05_01049,41V_01280,5-1_01112,55152_00369,6119V5_00801,6420B_00922,75712_00701,AMD_00028,ATCC14018a_00733,ATCC14018b_00788,ATCC14018c_00290,ATCC14019_00927,ATCC49145_01248,CMW7778B_00163,DNF01149_00527,DNF01162_00443,FDAARGOS_296_01097,GED7275B_00099,GED7760B_01009,GV37_01141,HMP9231_00619,JCP7275_01205,JCP7276_00224,JCP7659_00971,JCP7672_00228,JCP7719_00754,JCP8017A_01095,JCP8017B_00926,JCP8066_00348,JCP8070_01062,JCP8108_00141,JCP8151A_00231,JCP8151B_00265,JCP8481A_00287,JCP8481B_01223,JCP8522_00955,KA00225_00921,KA00735_00289,PSS_7772B_00317,UMB0032A_01090,UMB0032B_00638,UMB0061_01091,UMB0170_00165,UMB0233_01118,UMB0264_00983,UMB0298_00624,UMB0386_00625,UMB0682_00200,UMB0768_00578,UMB0770_01042,UMB0775_00983,UMB0830_00902,UMB0833_00819,UMB0912_00954,UMB0913_00953,UMB1642_00535,UMB1686_00184
rpmE,NA,50S ribosomal protein L31,72,72,1,63,5036,NA,NA,NA,212,296,217,007032Cmash_00695,00703Bmash_00345,00703Dmash_01154,0284V_00652,0288E_00889,101_01191,1400E_01381,14019_MetR_01031,1500E_00410,18-4_00712,23-12_00977,26-12_01165,30-4_00028,315-A_00399,3549624_00157,409-05_01064,41V_00623,5-1_01127,55152_00002,6119V5_00787,6420B_00937,75712_00687,AMD_00042,ATCC14018a_00522,ATCC14018b_00803,ATCC14018c_00305,ATCC14019_00942,ATCC49145_01260,CMW7778B_00151,DNF01149_00510,DNF01162_00428,FDAARGOS_296_01109,GED7275B_00112,GED7760B_00996,GV37_01154,HMP9231_00605,JCP7275_01184,JCP7276_00955,JCP7659_00690,JCP7672_01236,JCP7719_00918,JCP8017A_01027,JCP8017B_00941,JCP8066_00609,JCP8070_00987,JCP8108_01262,JCP8151A_00541,JCP8151B_01114,JCP8481A_00109,JCP8481B_01010,JCP8522_00890,KA00225_00907,KA00735_00277,PSS_7772B_00330,UMB0032A_01075,UMB0032B_00653,UMB0061_01108,UMB0170_00152,UMB0233_01133,UMB0264_00996,UMB0298_00638,UMB0386_00639,UMB0682_00186,UMB0768_00592,UMB0770_01025,UMB0775_00969,UMB0830_00886,UMB0833_00831,UMB0912_00968,UMB0913_00967,UMB1642_00551,UMB1686_00170
group_2246,NA,putative transcriptional regulatory protein,72,72,1,63,3348,NA,NA,NA,758,758,758,007032Cmash_00910,00703Bmash_00446,00703Dmash_00920,0284V_00910,0288E_00976,101_00690,1400E_01296,14019_MetR_00942,1500E_01033,18-4_00022,23-12_00160,26-12_00008,30-4_00055,315-A_00485,3549624_00059,409-05_00811,41V_01179,5-1_00937,55152_00294,6119V5_01009,6420B_00783,75712_00773,AMD_00345,ATCC14018a_00209,ATCC14018b_00715,ATCC14018c_00217,ATCC14019_00853,ATCC49145_00856,CMW7778B_00269,DNF01149_00600,DNF01162_00615,FDAARGOS_296_01024,GED7275B_01123,GED7760B_00410,GV37_00963,HMP9231_00692,JCP7275_00607,JCP7276_00327,JCP7659_00807,JCP7672_00535,JCP7719_00649,JCP8017A_00655,JCP8017B_00342,JCP8066_01048,JCP8070_00918,JCP8108_00089,JCP8151A_00175,JCP8151B_00596,JCP8481A_00863,JCP8481B_00129,JCP8522_00281,KA00225_01143,KA00735_00434,PSS_7772B_00821,UMB0032A_01163,UMB0032B_00565,UMB0061_01019,UMB0170_00333,UMB0233_01046,UMB0264_00814,UMB0298_00552,UMB0386_00553,UMB0682_00367,UMB0768_00505,UMB0770_01114,UMB0775_01055,UMB0830_00762,UMB0833_00076,UMB0912_00787,UMB0913_00786,UMB1642_00363,UMB1686_00354
hup,NA,DNA-binding protein HB1,72,72,1,63,6998,NA,NA,NA,281,281,281,007032Cmash_00954,00703Bmash_00402,00703Dmash_00829,0284V_00493,0288E_01138,101_00598,1400E_00944,14019_MetR_00837,1500E_00513,18-4_00407,23-12_00404,26-12_00257,30-4_00141,315-A_00219,3549624_00551,409-05_00675,41V_00787,5-1_00108,55152_00674,6119V5_00346,6420B_00679,75712_00993,AMD_00177,ATCC14018a_00715,ATCC14018b_00501,ATCC14018c_01323,ATCC14019_00637,ATCC49145_00575,CMW7778B_00407,DNF01149_00285,DNF01162_01139,FDAARGOS_296_00805,GED7275B_01167,GED7760B_00454,GV37_00773,HMP9231_00889,JCP7275_00413,JCP7276_00022,JCP7659_00763,JCP7672_00306,JCP7719_00693,JCP8017A_00611,JCP8017B_00386,JCP8066_01092,JCP8070_00962,JCP8108_00327,JCP8151A_00219,JCP8151B_00552,JCP8481A_00441,JCP8481B_00274,JCP8522_00688,KA00225_00201,KA00735_00520,PSS_7772B_01007,UMB0032A_00707,UMB0032B_00331,UMB0061_00331,UMB0170_00475,UMB0233_00822,UMB0264_00671,UMB0298_00333,UMB0386_00334,UMB0682_00474,UMB0768_00272,UMB0770_00761,UMB0775_00720,UMB0830_00806,UMB0833_00032,UMB0912_00680,UMB0913_00679,UMB1642_00193,UMB1686_00452
group_2278,NA,tRNA-Thr(cgt),72,72,1,63,6485,NA,NA,NA,73,73,73,007032Cmash_01061,00703Bmash_00988,00703Dmash_01074,0284V_01258,0288E_00350,101_00057,1400E_00363,14019_MetR_00355,1500E_00187,18-4_01222,23-12_00760,26-12_00374,30-4_00372,315-A_00145,3549624_00843,409-05_00336,41V_00121,5-1_00661,55152_00381,6119V5_01166,6420B_00343,75712_00422,AMD_00907,ATCC14018a_00578,ATCC14018b_01051,ATCC14018c_00551,ATCC14019_01199,ATCC49145_00771,CMW7778B_00541,DNF01149_01076,DNF01162_00803,FDAARGOS_296_01378,GED7275B_00895,GED7760B_00921,GV37_00365,HMP9231_00306,JCP7275_00149,JCP7276_00736,JCP7659_00390,JCP7672_00784,JCP7719_00950,JCP8017A_00353,JCP8017B_00887,JCP8066_00650,JCP8070_00809,JCP8108_01142,JCP8151A_00692,JCP8151B_00701,JCP8481A_01029,JCP8481B_00346,JCP8522_00596,KA00225_00009,KA00735_00652,PSS_7772B_00011,UMB0032A_00219,UMB0032B_00968,UMB0061_00611,UMB0170_00795,UMB0233_00158,UMB0264_00352,UMB0298_00884,UMB0386_00885,UMB0682_01015,UMB0768_00831,UMB0770_00330,UMB0775_00336,UMB0830_00343,UMB0833_00787,UMB0912_00342,UMB0913_00342,UMB1642_01075,UMB1686_00199
rpsM,NA,30S ribosomal protein S13,72,72,1,63,8697,NA,NA,NA,377,434,381,007032Cmash_01097,00703Bmash_00952,00703Dmash_00386,0284V_01216,0288E_00007,101_00185,1400E_00562,14019_MetR_00316,1500E_00959,18-4_00123,23-12_00290,26-12_01144,30-4_00765,315-A_00110,3549624_00891,409-05_00274,41V_00737,5-1_00599,55152_01126,6119V5_00073,6420B_00403,75712_00379,AMD_00967,ATCC14018a_00444,ATCC14018b_01090,ATCC14018c_00590,ATCC14019_01238,ATCC49145_00024,CMW7778B_00828,DNF01149_00997,DNF01162_00307,FDAARGOS_296_00041,GED7275B_00859,GED7760B_00547,GV37_00303,HMP9231_00255,JCP7275_00831,JCP7276_01159,JCP7659_00867,JCP7672_01225,JCP7719_00183,JCP8017A_01042,JCP8017B_00788,JCP8066_00864,JCP8070_00986,JCP8108_01225,JCP8151A_00845,JCP8151B_00953,JCP8481A_00228,JCP8481B_01145,JCP8522_01034,KA00225_00689,KA00735_01150,PSS_7772B_00633,UMB0032A_00265,UMB0032B_01014,UMB0061_00646,UMB0170_00858,UMB0233_00203,UMB0264_00289,UMB0298_00938,UMB0386_00939,UMB0682_00955,UMB0768_00869,UMB0770_00284,UMB0775_00296,UMB0830_00307,UMB0833_00751,UMB0912_00283,UMB0913_00283,UMB1642_01013,UMB1686_00800
rpsH,NA,30S ribosomal protein S8,72,72,1,63,8680,NA,NA,NA,398,398,398,007032Cmash_01106,00703Bmash_00943,00703Dmash_00377,0284V_01207,0288E_00016,101_00176,1400E_00571,14019_MetR_00307,1500E_00968,18-4_00132,23-12_00299,26-12_01135,30-4_00774,315-A_00101,3549624_00900,409-05_00265,41V_00746,5-1_00590,55152_01117,6119V5_00082,6420B_00412,75712_00370,AMD_00976,ATCC14018a_00453,ATCC14018b_01099,ATCC14018c_00599,ATCC14019_01247,ATCC49145_00033,CMW7778B_00837,DNF01149_00988,DNF01162_00298,FDAARGOS_296_00050,GED7275B_00850,GED7760B_00538,GV37_00294,HMP9231_00246,JCP7275_00324,JCP7276_00478,JCP7659_00405,JCP7672_00465,JCP7719_00820,JCP8017A_00562,JCP8017B_00444,JCP8066_00478,JCP8070_00404,JCP8108_01216,JCP8151A_00263,JCP8151B_00676,JCP8481A_00554,JCP8481B_01136,JCP8522_00526,KA00225_00680,KA00735_01141,PSS_7772B_00623,UMB0032A_00274,UMB0032B_01023,UMB0061_00655,UMB0170_00867,UMB0233_00212,UMB0264_00280,UMB0298_00947,UMB0386_00948,UMB0682_00946,UMB0768_00878,UMB0770_00275,UMB0775_00287,UMB0830_00298,UMB0833_00742,UMB0912_00274,UMB0913_00274,UMB1642_01004,UMB1686_00809
rplA,NA,50S ribosomal protein L1,72,72,1,63,8835,NA,NA,NA,692,695,694,007032Cmash_01151,00703Bmash_00898,00703Dmash_00062,0284V_00218,0288E_01317,101_00091,1400E_01143,14019_MetR_00555,1500E_00774,18-4_01196,23-12_00056,26-12_00939,30-4_00209,315-A_00979,3549624_01148,409-05_01177,41V_00243,5-1_01239,55152_00566,6119V5_00001,6420B_00073,75712_01269,AMD_00555,ATCC14018a_00957,ATCC14018b_00222,ATCC14018c_01046,ATCC14019_00354,ATCC49145_01052,CMW7778B_00937,DNF01149_00013,DNF01162_00751,FDAARGOS_296_00478,GED7275B_00804,GED7760B_00963,GV37_01322,HMP9231_01163,JCP7275_01201,JCP7276_00431,JCP7659_00577,JCP7672_00884,JCP7719_00499,JCP8017A_00367,JCP8017B_00636,JCP8066_00601,JCP8070_00630,JCP8108_00525,JCP8151A_00700,JCP8151B_00424,JCP8481A_00763,JCP8481B_00588,JCP8522_00213,KA00225_01198,KA00735_01080,PSS_7772B_01167,UMB0032A_01345,UMB0032B_00057,UMB0061_00058,UMB0170_00042,UMB0233_00547,UMB0264_01106,UMB0298_00059,UMB0386_00059,UMB0682_00034,UMB0768_01233,UMB0770_01314,UMB0775_00446,UMB0830_00253,UMB0833_00694,UMB0912_01074,UMB0913_01073,UMB1642_00664,UMB1686_00030
atpD,NA,ATP synthase subunit beta,72,72,1,63,4275,NA,NA,NA,617,1487,1474,007032Cmash_01231,00703Bmash_00819,00703Dmash_00250,0284V_01105,0288E_00140,101_00947,1400E_00229,14019_MetR_00203,1500E_00003,18-4_01029,23-12_01120,26-12_00780,30-4_00290,315-A_01275,3549624_01003,409-05_00148,41V_00449,5-1_00475,55152_00197,6119V5_00501,6420B_00529,75712_00265,AMD_01103,ATCC14018a_00610,ATCC14018b_01200,ATCC14018c_00702,ATCC14019_00003,ATCC49145_00136,CMW7778B_01051,DNF01149_00888,DNF01162_00175,FDAARGOS_296_00153,GED7275B_00728,GED7760B_00829,GV37_00178,HMP9231_00134,JCP7275_00940,JCP7276_00537,JCP7659_00646,JCP7672_01136,JCP7719_00382,JCP8017A_00075,JCP8017B_00431,JCP8066_00356,JCP8070_00612,JCP8108_00148,JCP8151A_01156,JCP8151B_00912,JCP8481A_01223,JCP8481B_00217,JCP8522_00245,KA00225_00526,KA00735_00958,PSS_7772B_00750,UMB0032A_00372,UMB0032B_01121,UMB0061_00757,UMB0170_00981,UMB0233_00314,UMB0264_00166,UMB0298_01050,UMB0386_01051,UMB0682_00827,UMB0768_00988,UMB0770_00175,UMB0775_00181,UMB0830_00170,UMB0833_00614,UMB0912_00157,UMB0913_00157,UMB1642_00882,UMB1686_00937
upp,NA,Uracil phosphoribosyltransferase,72,72,1,63,7821,NA,NA,NA,638,638,638,007032Cmash_00094,00703Bmash_00615,00703Dmash_00188,0284V_01039,0288E_00205,101_00885,1400E_00168,14019_MetR_00118,1500E_00070,18-4_01238,23-12_01231,26-12_00101,30-4_00061,315-A_01155,3549624_01068,409-05_00081,41V_00513,5-1_00404,55152_00133,6119V5_00569,6420B_00798,75712_00203,AMD_01165,ATCC14018a_00684,ATCC14018b_01284,ATCC14018c_00786,ATCC14019_00088,ATCC49145_00200,CMW7778B_01088,DNF01149_00824,DNF01162_00100,FDAARGOS_296_00217,GED7275B_00668,GED7760B_00768,GV37_00104,HMP9231_01329,JCP7275_00521,JCP7276_00401,JCP7659_00225,JCP7672_00926,JCP7719_00375,JCP8017A_00221,JCP8017B_00453,JCP8066_00671,JCP8070_00447,JCP8108_01198,JCP8151A_00283,JCP8151B_00730,JCP8481A_00594,JCP8481B_00508,JCP8522_00920,KA00225_00475,KA00735_00926,PSS_7772B_00166,UMB0032A_00435,UMB0032B_01184,UMB0061_00817,UMB0170_01047,UMB0233_00374,UMB0264_00101,UMB0298_01114,UMB0386_01115,UMB0682_00766,UMB0768_01052,UMB0770_00111,UMB0775_00117,UMB0830_00105,UMB0833_00551,UMB0912_00096,UMB0913_00096,UMB1642_00809,UMB1686_01000
group_2938,NA,tRNA-Lys(ttt),72,72,1,63,7864,NA,NA,NA,73,73,73,007032Cmash_00106,00703Bmash_00627,00703Dmash_00177,0284V_01027,0288E_00217,101_00876,1400E_00160,14019_MetR_00110,1500E_00080,18-4_00594,23-12_00540,26-12_00068,30-4_01252,315-A_01163,3549624_01081,409-05_00071,41V_00521,5-1_00394,55152_00125,6119V5_00581,6420B_00806,75712_00195,AMD_01173,ATCC14018a_00676,ATCC14018b_01292,ATCC14018c_00794,ATCC14019_00096,ATCC49145_00208,CMW7778B_01093,DNF01149_00812,DNF01162_00092,FDAARGOS_296_00225,GED7275B_00656,GED7760B_00760,GV37_00096,HMP9231_01341,JCP7275_00273,JCP7276_01136,JCP7659_00881,JCP7672_00364,JCP7719_00347,JCP8017A_00143,JCP8017B_00246,JCP8066_00326,JCP8070_00436,JCP8108_01190,JCP8151A_00293,JCP8151B_00740,JCP8481A_00603,JCP8481B_00517,JCP8522_00987,KA00225_00464,KA00735_00921,PSS_7772B_00157,UMB0032A_00443,UMB0032B_01192,UMB0061_00829,UMB0170_01055,UMB0233_00386,UMB0264_00093,UMB0298_01126,UMB0386_01127,UMB0682_00758,UMB0768_01064,UMB0770_00103,UMB0775_00106,UMB0830_00093,UMB0833_00539,UMB0912_00088,UMB0913_00088,UMB1642_00799,UMB1686_01013
sufC,NA,Vegetative protein 296,72,72,1,63,2178,NA,NA,NA,776,776,776,007032Cmash_00369,00703Bmash_01054,00703Dmash_00538,0284V_00805,0288E_00742,101_00268,1400E_01038,14019_MetR_00450,1500E_00884,18-4_00237,23-12_00022,26-12_00344,30-4_00739,315-A_01090,3549624_00377,409-05_00374,41V_01057,5-1_00699,55152_00457,6119V5_00841,6420B_00301,75712_00512,AMD_00869,ATCC14018a_00038,ATCC14018b_00956,ATCC14018c_00457,ATCC14019_01104,ATCC49145_00978,CMW7778B_00819,DNF01149_01255,DNF01162_00841,FDAARGOS_296_01285,GED7275B_00459,GED7760B_00621,GV37_00403,HMP9231_00401,JCP7275_00651,JCP7276_01125,JCP7659_00399,JCP7672_00458,JCP7719_00867,JCP8017A_01085,JCP8017B_00074,JCP8066_00383,JCP8070_01175,JCP8108_00986,JCP8151A_00818,JCP8151B_00516,JCP8481A_01167,JCP8481B_00772,JCP8522_00412,KA00225_00795,KA00735_01159,PSS_7772B_01220,UMB0032A_00126,UMB0032B_00874,UMB0061_00518,UMB0170_00757,UMB0233_00071,UMB0264_00390,UMB0298_00790,UMB0386_00791,UMB0682_01054,UMB0768_00740,UMB0770_00424,UMB0775_01177,UMB0830_00424,UMB0833_01200,UMB0912_00380,UMB0913_00379,UMB1642_01113,UMB1686_00726
ldh2,NA,L-lactate dehydrogenase 2,72,72,1,63,2798,NA,NA,NA,962,962,962,007032Cmash_00484,00703Bmash_00213,00703Dmash_00658,0284V_00382,0288E_00429,101_00489,1400E_00828,14019_MetR_00721,1500E_00673,18-4_01084,23-12_01187,26-12_00627,30-4_00227,315-A_00815,3549624_00658,409-05_00558,41V_00932,5-1_00279,55152_00798,6119V5_00227,6420B_01123,75712_01107,AMD_00289,ATCC14018a_00084,ATCC14018b_00386,ATCC14018c_01208,ATCC14019_00518,ATCC49145_00410,CMW7778B_00552,DNF01149_00174,DNF01162_01018,FDAARGOS_296_00640,GED7275B_00226,GED7760B_01116,GV37_00660,HMP9231_01001,JCP7275_00884,JCP7276_00886,JCP7659_00138,JCP7672_00763,JCP7719_00528,JCP8017A_00001,JCP8017B_01271,JCP8066_00741,JCP8070_01045,JCP8108_01095,JCP8151A_01140,JCP8151B_00391,JCP8481A_00642,JCP8481B_00415,JCP8522_00531,KA00225_00823,KA00735_00664,PSS_7772B_00486,UMB0032A_00820,UMB0032B_00219,UMB0061_00219,UMB0170_00597,UMB0233_00709,UMB0264_00549,UMB0298_00220,UMB0386_00220,UMB0682_00588,UMB0768_00158,UMB0770_00649,UMB0775_00608,UMB0830_00992,UMB0833_00959,UMB0912_00553,UMB0913_00552,UMB1642_00070,UMB1686_00564
der,NA,GTPase Der,72,72,1,63,3285,NA,NA,NA,293,2222,2166,007032Cmash_00899,00703Bmash_00457,00703Dmash_00909,0284V_00001,0288E_00987,101_00679,1400E_01285,14019_MetR_00931,1500E_00544,18-4_01124,23-12_00717,26-12_00398,30-4_00886,315-A_00496,3549624_00048,409-05_00800,41V_01158,5-1_00926,55152_00283,6119V5_00998,6420B_00772,75712_00784,AMD_00356,ATCC14018a_00218,ATCC14018b_00704,ATCC14018c_00206,ATCC14019_00842,ATCC49145_00867,CMW7778B_00258,DNF01149_00611,DNF01162_00626,FDAARGOS_296_01013,GED7275B_01112,GED7760B_00399,GV37_00952,HMP9231_00703,JCP7275_01183,JCP7276_00338,JCP7659_00818,JCP7672_00524,JCP7719_00638,JCP8017A_00666,JCP8017B_00331,JCP8066_01037,JCP8070_00907,JCP8108_00078,JCP8151A_00164,JCP8151B_00607,JCP8481A_00874,JCP8481B_00118,JCP8522_00292,KA00225_01154,KA00735_00445,PSS_7772B_00832,UMB0032A_01174,UMB0032B_00554,UMB0061_01008,UMB0170_00344,UMB0233_01035,UMB0264_00803,UMB0298_00541,UMB0386_00542,UMB0682_00378,UMB0768_00494,UMB0770_01125,UMB0775_01066,UMB0830_00751,UMB0833_00087,UMB0912_00776,UMB0913_00775,UMB1642_00352,UMB1686_00365
efp,NA,Elongation factor P,72,72,1,63,4583,NA,NA,NA,563,563,563,007032Cmash_00811,00703Bmash_00556,00703Dmash_00990,0284V_00098,0288E_00665,101_00760,1400E_00259,14019_MetR_01219,1500E_00312,18-4_00659,23-12_00182,26-12_00998,30-4_00473,315-A_00586,3549624_00443,409-05_00894,41V_00585,5-1_01016,55152_00919,6119V5_01082,6420B_00145,75712_00881,AMD_00470,ATCC14018a_01096,ATCC14018b_00613,ATCC14018c_00115,ATCC14019_00751,ATCC49145_00685,CMW7778B_00430,DNF01149_00394,DNF01162_00544,FDAARGOS_296_00915,GED7275B_01019,GED7760B_00324,GV37_01034,HMP9231_00790,JCP7275_00057,JCP7276_00123,JCP7659_00040,JCP7672_00130,JCP7719_00159,JCP8017A_01288,JCP8017B_00124,JCP8066_00230,JCP8070_00132,JCP8108_00962,JCP8151A_00595,JCP8151B_00200,JCP8481A_00669,JCP8481B_00551,JCP8522_00788,KA00225_00173,KA00735_00543,PSS_7772B_00718,UMB0032A_00596,UMB0032B_00442,UMB0061_00430,UMB0170_00261,UMB0233_00922,UMB0264_00885,UMB0298_00443,UMB0386_00444,UMB0682_00298,UMB0768_00382,UMB0770_00883,UMB0775_00830,UMB0830_00664,UMB0833_00178,UMB0912_00856,UMB0913_00855,UMB1642_00433,UMB1686_00280
tal,NA,Transaldolase,72,72,1,63,4546,NA,NA,NA,1103,1103,1103,007032Cmash_00841,00703Bmash_00522,00703Dmash_00971,0284V_00058,0288E_01044,101_00742,1400E_01226,14019_MetR_00874,1500E_00331,18-4_00330,23-12_00871,26-12_01100,30-4_00672,315-A_00553,3549624_00417,409-05_00877,41V_01240,5-1_00998,55152_00225,6119V5_01063,6420B_00127,75712_00841,AMD_00488,ATCC14018a_00830,ATCC14018b_00647,ATCC14018c_00149,ATCC14019_00784,ATCC49145_00924,CMW7778B_00414,DNF01149_00668,DNF01162_00561,FDAARGOS_296_00956,GED7275B_01055,GED7760B_00340,GV37_01017,HMP9231_00761,JCP7275_00208,JCP7276_00534,JCP7659_00069,JCP7672_00103,JCP7719_00581,JCP8017A_00723,JCP8017B_00274,JCP8066_00980,JCP8070_00850,JCP8108_01288,JCP8151A_00106,JCP8151B_01155,JCP8481A_01183,JCP8481B_00925,JCP8522_00349,KA00225_00194,KA00735_00527,PSS_7772B_00611,UMB0032A_01231,UMB0032B_00497,UMB0061_00943,UMB0170_00278,UMB0233_00978,UMB0264_00868,UMB0298_00476,UMB0386_00477,UMB0682_00315,UMB0768_00429,UMB0770_01182,UMB0775_01123,UMB0830_00694,UMB0833_00144,UMB0912_00839,UMB0913_00838,UMB1642_00417,UMB1686_00298
rplS,NA,50S ribosomal protein L19,72,72,1,63,6519,NA,NA,NA,365,368,367,007032Cmash_01056,00703Bmash_00993,00703Dmash_01142,0284V_01263,0288E_00356,101_01178,1400E_00358,14019_MetR_00360,1500E_00417,18-4_00775,23-12_00045,26-12_00993,30-4_00366,315-A_00150,3549624_00838,409-05_00341,41V_00116,5-1_00666,55152_00993,6119V5_00779,6420B_00338,75712_00427,AMD_00902,ATCC14018a_00583,ATCC14018b_01046,ATCC14018c_00546,ATCC14019_01194,ATCC49145_00766,CMW7778B_00697,DNF01149_01081,DNF01162_00808,FDAARGOS_296_01373,GED7275B_00900,GED7760B_00916,GV37_00370,HMP9231_00311,JCP7275_01099,JCP7276_00731,JCP7659_00243,JCP7672_00789,JCP7719_00954,JCP8017A_01313,JCP8017B_00892,JCP8066_00645,JCP8070_00351,JCP8108_01120,JCP8151A_01072,JCP8151B_00706,JCP8481A_01034,JCP8481B_00341,JCP8522_00444,KA00225_00698,KA00735_01170,PSS_7772B_00016,UMB0032A_00214,UMB0032B_00963,UMB0061_00606,UMB0170_00790,UMB0233_00153,UMB0264_00357,UMB0298_00879,UMB0386_00880,UMB0682_01021,UMB0768_00826,UMB0770_00335,UMB0775_00341,UMB0830_00348,UMB0833_00792,UMB0912_00347,UMB0913_00347,UMB1642_01080,UMB1686_00163
rpiA,NA,Ribose-5-phosphate isomerase A,72,72,1,63,8979,NA,NA,NA,698,698,698,007032Cmash_01075,00703Bmash_00974,00703Dmash_00477,0284V_00243,0288E_00568,101_00204,1400E_01118,14019_MetR_00579,1500E_00943,18-4_00863,23-12_01099,26-12_00712,30-4_00750,315-A_00954,3549624_01173,409-05_00293,41V_00221,5-1_00618,55152_00581,6119V5_00056,6420B_00388,75712_01245,AMD_00952,ATCC14018a_00242,ATCC14018b_00247,ATCC14018c_01070,ATCC14019_00379,ATCC49145_00273,CMW7778B_01173,DNF01149_00037,DNF01162_00326,FDAARGOS_296_00503,GED7275B_00881,GED7760B_00569,GV37_00322,HMP9231_01138,JCP7275_00467,JCP7276_00779,JCP7659_01100,JCP7672_01209,JCP7719_01066,JCP8017A_00382,JCP8017B_00682,JCP8066_00961,JCP8070_00298,JCP8108_00682,JCP8151A_00678,JCP8151B_00977,JCP8481A_00417,JCP8481B_00600,JCP8522_00902,KA00225_00349,KA00735_00182,PSS_7772B_00697,UMB0032A_00957,UMB0032B_00082,UMB0061_00082,UMB0170_00838,UMB0233_00572,UMB0264_00309,UMB0298_00083,UMB0386_00083,UMB0682_00970,UMB0768_00021,UMB0770_00512,UMB0775_00470,UMB0830_00329,UMB0833_00773,UMB0912_00298,UMB0913_00298,UMB1642_01032,UMB1686_00784
rpmC,NA,50S ribosomal protein L29,72,72,1,63,8674,NA,NA,NA,251,251,251,007032Cmash_01112,00703Bmash_00937,00703Dmash_00371,0284V_01201,0288E_00022,101_00170,1400E_00577,14019_MetR_00301,1500E_00974,18-4_00138,23-12_00305,26-12_01129,30-4_00780,315-A_00095,3549624_00906,409-05_00259,41V_00752,5-1_00584,55152_01111,6119V5_00088,6420B_00418,75712_00364,AMD_00982,ATCC14018a_00459,ATCC14018b_01105,ATCC14018c_00605,ATCC14019_01253,ATCC49145_00039,CMW7778B_00843,DNF01149_00982,DNF01162_00292,FDAARGOS_296_00056,GED7275B_00844,GED7760B_00532,GV37_00288,HMP9231_00240,JCP7275_00673,JCP7276_00646,JCP7659_00435,JCP7672_00594,JCP7719_00901,JCP8017A_00343,JCP8017B_00410,JCP8066_00470,JCP8070_00283,JCP8108_00836,JCP8151A_00544,JCP8151B_00521,JCP8481A_01094,JCP8481B_01104,JCP8522_00142,KA00225_00674,KA00735_01135,PSS_7772B_00667,UMB0032A_00280,UMB0032B_01029,UMB0061_00661,UMB0170_00873,UMB0233_00218,UMB0264_00274,UMB0298_00953,UMB0386_00954,UMB0682_00940,UMB0768_00884,UMB0770_00269,UMB0775_00281,UMB0830_00292,UMB0833_00736,UMB0912_00268,UMB0913_00268,UMB1642_00998,UMB1686_00815
rplK,NA,50S ribosomal protein L11,72,72,1,63,8830,NA,NA,NA,431,464,446,007032Cmash_01152,00703Bmash_00897,00703Dmash_00063,0284V_00217,0288E_01316,101_00090,1400E_01144,14019_MetR_00554,1500E_00775,18-4_01197,23-12_00055,26-12_00938,30-4_00210,315-A_00980,3549624_01147,409-05_01178,41V_00244,5-1_01240,55152_00565,6119V5_00002,6420B_00072,75712_01270,AMD_00554,ATCC14018a_00958,ATCC14018b_00221,ATCC14018c_01045,ATCC14019_00353,ATCC49145_01053,CMW7778B_00938,DNF01149_00012,DNF01162_00750,FDAARGOS_296_00477,GED7275B_00803,GED7760B_00964,GV37_01323,HMP9231_01164,JCP7275_01200,JCP7276_00430,JCP7659_00576,JCP7672_00883,JCP7719_00500,JCP8017A_00366,JCP8017B_00637,JCP8066_00602,JCP8070_00629,JCP8108_00526,JCP8151A_00701,JCP8151B_00425,JCP8481A_00762,JCP8481B_00589,JCP8522_00214,KA00225_01197,KA00735_01079,PSS_7772B_01166,UMB0032A_01346,UMB0032B_00056,UMB0061_00057,UMB0170_00041,UMB0233_00546,UMB0264_01107,UMB0298_00058,UMB0386_00058,UMB0682_00033,UMB0768_01232,UMB0770_01313,UMB0775_00445,UMB0830_00252,UMB0833_00693,UMB0912_01075,UMB0913_01074,UMB1642_00665,UMB1686_00029
ppa,NA,Inorganic pyrophosphatase,72,72,1,63,8380,NA,NA,NA,494,494,494,007032Cmash_01190,00703Bmash_00859,00703Dmash_00288,0284V_01153,0288E_00075,101_00985,1400E_00626,14019_MetR_00246,1500E_01187,18-4_00117,23-12_01023,26-12_00905,30-4_00985,315-A_00047,3549624_00954,409-05_00186,41V_00183,5-1_00510,55152_01063,6119V5_00168,6420B_00494,75712_00311,AMD_01061,ATCC14018a_00297,ATCC14018b_01157,ATCC14018c_00659,ATCC14019_01306,ATCC49145_00087,CMW7778B_00979,DNF01149_00934,DNF01162_00219,FDAARGOS_296_00104,GED7275B_00765,GED7760B_00862,GV37_00213,HMP9231_00189,JCP7275_00481,JCP7276_00903,JCP7659_01150,JCP7672_00812,JCP7719_00940,JCP8017A_00791,JCP8017B_00666,JCP8066_00974,JCP8070_00999,JCP8108_00203,JCP8151A_00841,JCP8151B_00994,JCP8481A_01012,JCP8481B_00625,JCP8522_01049,KA00225_00599,KA00735_01030,PSS_7772B_00798,UMB0032A_00328,UMB0032B_01077,UMB0061_00709,UMB0170_00946,UMB0233_00266,UMB0264_00201,UMB0298_01007,UMB0386_01008,UMB0682_00861,UMB0768_00936,UMB0770_00221,UMB0775_00232,UMB0830_00213,UMB0833_00655,UMB0912_00189,UMB0913_00189,UMB1642_00925,UMB1686_00898
nrdF2,NA,Ribonucleoside-diphosphate reductase subunit beta nrdF2,72,72,1,63,8330,NA,NA,NA,1079,1109,1090,007032Cmash_01200,00703Bmash_00849,00703Dmash_00279,0284V_01144,0288E_00084,101_00976,1400E_00635,14019_MetR_00237,1500E_01196,18-4_00888,23-12_00925,26-12_00895,30-4_01087,315-A_00038,3549624_00964,409-05_00176,41V_00192,5-1_00500,55152_01053,6119V5_00177,6420B_00503,75712_00302,AMD_01070,ATCC14018a_00851,ATCC14018b_01166,ATCC14018c_00668,ATCC14019_01315,ATCC49145_00096,CMW7778B_00988,DNF01149_00925,DNF01162_00209,FDAARGOS_296_00113,GED7275B_00756,GED7760B_00853,GV37_00203,HMP9231_00180,JCP7275_00909,JCP7276_00547,JCP7659_00485,JCP7672_00225,JCP7719_00878,JCP8017A_00781,JCP8017B_01004,JCP8066_00118,JCP8070_00539,JCP8108_00258,JCP8151A_01049,JCP8151B_00985,JCP8481A_00998,JCP8481B_00639,JCP8522_00864,KA00225_00590,KA00735_01021,PSS_7772B_00789,UMB0032A_00337,UMB0032B_01086,UMB0061_00718,UMB0170_00956,UMB0233_00275,UMB0264_00191,UMB0298_01016,UMB0386_01017,UMB0682_00852,UMB0768_00945,UMB0770_00212,UMB0775_00223,UMB0830_00203,UMB0833_00645,UMB0912_00180,UMB0913_00180,UMB1642_00915,UMB1686_00907
pflA,NA,Pyruvate formate-lyase 1-activating enzyme,72,72,1,63,758,NA,NA,NA,881,884,881,007032Cmash_00228,00703Bmash_01202,00703Dmash_00956,0284V_00485,0288E_01146,101_00726,1400E_00936,14019_MetR_00829,1500E_00347,18-4_00282,23-12_00710,26-12_00854,30-4_00866,315-A_00227,3549624_00559,409-05_00861,41V_00779,5-1_00982,55152_00682,6119V5_01048,6420B_00112,75712_01001,AMD_00503,ATCC14018a_01199,ATCC14018b_00493,ATCC14018c_01315,ATCC14019_00628,ATCC49145_00567,CMW7778B_00461,DNF01149_00277,DNF01162_00576,FDAARGOS_296_00797,GED7275B_00925,GED7760B_00033,GV37_01002,HMP9231_00897,JCP7275_00421,JCP7276_00014,JCP7659_01029,JCP7672_00314,JCP7719_00070,JCP8017A_00487,JCP8017B_00735,JCP8066_01146,JCP8070_00257,JCP8108_00319,JCP8151A_00752,JCP8151B_00106,JCP8481A_00725,JCP8481B_01053,JCP8522_00182,KA00225_00141,KA00735_00574,PSS_7772B_00360,UMB0032A_00715,UMB0032B_00323,UMB0061_00323,UMB0170_00294,UMB0233_00814,UMB0264_00853,UMB0298_00325,UMB0386_00326,UMB0682_00330,UMB0768_00264,UMB0770_00753,UMB0775_00712,UMB0830_00563,UMB0833_00276,UMB0912_00824,UMB0913_00823,UMB1642_00402,UMB1686_00313
rpoB,NA,DNA-directed RNA polymerase subunit beta,72,72,1,63,6311,NA,NA,NA,296,3635,3169,007032Cmash_00611,00703Bmash_00055,00703Dmash_00491,0284V_01272,0288E_00365,101_00218,1400E_00305,14019_MetR_00369,1500E_00929,18-4_00784,23-12_00036,26-12_00968,30-4_01167,315-A_00159,3549624_00829,409-05_01139,41V_00108,5-1_01203,55152_00984,6119V5_00042,6420B_01011,75712_00436,AMD_00117,ATCC14018a_01207,ATCC14018b_01037,ATCC14018c_00537,ATCC14019_01184,ATCC49145_00757,CMW7778B_00617,DNF01149_01090,DNF01162_00351,FDAARGOS_296_01364,GED7275B_00341,GED7760B_00210,GV37_01282,HMP9231_00321,JCP7275_01243,JCP7276_00722,JCP7659_01103,JCP7672_00803,JCP7719_00479,JCP8017A_01324,JCP8017B_01030,JCP8066_00924,JCP8070_00590,JCP8108_01129,JCP8151A_01033,JCP8151B_00311,JCP8481A_00965,JCP8481B_01025,JCP8522_00941,KA00225_00806,KA00735_00124,PSS_7772B_01178,UMB0032A_00205,UMB0032B_00954,UMB0061_00597,UMB0170_00078,UMB0233_00144,UMB0264_01070,UMB0298_00870,UMB0386_00871,UMB0682_00071,UMB0768_00817,UMB0770_00344,UMB0775_00350,UMB0830_01117,UMB0833_01086,UMB0912_01037,UMB0913_01036,UMB1642_00629,UMB1686_00770
hrdB,NA,RNA polymerase principal sigma factor HrdB,72,72,1,63,833,NA,NA,NA,1211,1505,1359,007032Cmash_00254,00703Bmash_01177,00703Dmash_00809,0284V_00459,0288E_01265,101_00587,1400E_00908,14019_MetR_00800,1500E_00653,18-4_00327,23-12_00375,26-12_00480,30-4_00957,315-A_00684,3549624_00579,409-05_00662,41V_00018,5-1_00095,55152_00706,6119V5_00326,6420B_00669,75712_01028,AMD_00187,ATCC14018a_01071,ATCC14018b_00464,ATCC14018c_01286,ATCC14019_00599,ATCC49145_00541,CMW7778B_00474,DNF01149_00252,DNF01162_01125,FDAARGOS_296_00771,GED7275B_00017,GED7760B_00014,GV37_00760,HMP9231_00923,JCP7275_01019,JCP7276_01120,JCP7659_00295,JCP7672_00240,JCP7719_00050,JCP8017A_00513,JCP8017B_00710,JCP8066_01162,JCP8070_00274,JCP8108_00500,JCP8151A_00735,JCP8151B_00088,JCP8481A_00454,JCP8481B_00262,JCP8522_00166,KA00225_00119,KA00735_00587,PSS_7772B_01019,UMB0032A_00742,UMB0032B_00297,UMB0061_00297,UMB0170_00488,UMB0233_00787,UMB0264_00658,UMB0298_00298,UMB0386_00298,UMB0682_00484,UMB0768_00236,UMB0770_00727,UMB0775_00686,UMB0830_00546,UMB0833_00301,UMB0912_00670,UMB0913_00669,UMB1642_00179,UMB1686_00464
nrdD,NA,Anaerobic ribonucleoside-triphosphate reductase,72,72,1,63,6737,NA,NA,NA,833,2453,2409,007032Cmash_00569,00703Bmash_00095,00703Dmash_01082,0284V_00277,0288E_00534,101_01117,1400E_01085,14019_MetR_00614,1500E_00477,18-4_01020,23-12_01122,26-12_00866,30-4_00643,315-A_00920,3549624_01389,409-05_01100,41V_01138,5-1_01163,55152_01310,6119V5_00719,6420B_00972,75712_01210,AMD_00079,ATCC14018a_00609,ATCC14018b_00281,ATCC14018c_01104,ATCC14019_00413,ATCC49145_00307,CMW7778B_00120,DNF01149_00071,DNF01162_00391,FDAARGOS_296_00537,GED7275B_00308,GED7760B_01035,GV37_01243,HMP9231_01104,JCP7275_01193,JCP7276_00882,JCP7659_00455,JCP7672_00864,JCP7719_01221,JCP8017A_00841,JCP8017B_00835,JCP8066_00258,JCP8070_01121,JCP8108_01230,JCP8151A_00388,JCP8151B_00439,JCP8481A_00278,JCP8481B_00744,JCP8522_00403,KA00225_00875,KA00735_00246,PSS_7772B_00935,UMB0032A_00923,UMB0032B_00116,UMB0061_00116,UMB0170_00116,UMB0233_00606,UMB0264_01032,UMB0298_00117,UMB0386_00117,UMB0682_00104,UMB0768_00055,UMB0770_00546,UMB0775_00504,UMB0830_01076,UMB0833_01043,UMB0912_01004,UMB0913_01003,UMB1642_00588,UMB1686_00089
prfA,NA,Peptide chain release factor 1,72,72,1,63,5025,NA,NA,NA,197,1097,993,007032Cmash_00694,00703Bmash_00346,00703Dmash_01155,0284V_00651,0288E_00890,101_01192,1400E_01380,14019_MetR_01030,1500E_00409,18-4_01064,23-12_00978,26-12_01164,30-4_00027,315-A_00400,3549624_00156,409-05_01063,41V_00622,5-1_01126,55152_00003,6119V5_00788,6420B_00936,75712_00688,AMD_00041,ATCC14018a_00521,ATCC14018b_00802,ATCC14018c_00304,ATCC14019_00941,ATCC49145_01259,CMW7778B_00152,DNF01149_00511,DNF01162_00429,FDAARGOS_296_01108,GED7275B_00111,GED7760B_00997,GV37_01153,HMP9231_00606,JCP7275_00668,JCP7276_00539,JCP7659_00691,JCP7672_00991,JCP7719_00738,JCP8017A_01109,JCP8017B_00940,JCP8066_00431,JCP8070_00191,JCP8108_00716,JCP8151A_00527,JCP8151B_00230,JCP8481A_00110,JCP8481B_01011,JCP8522_00942,KA00225_00908,KA00735_00278,PSS_7772B_00329,UMB0032A_01076,UMB0032B_00652,UMB0061_01107,UMB0170_00153,UMB0233_01132,UMB0264_00995,UMB0298_00637,UMB0386_00638,UMB0682_00187,UMB0768_00591,UMB0770_01026,UMB0775_00970,UMB0830_00887,UMB0833_00830,UMB0912_00967,UMB0913_00966,UMB1642_00550,UMB1686_00171
nrdE1,NA,Ribonucleoside-diphosphate reductase subunit alpha 1,72,72,1,63,8335,NA,NA,NA,1466,2252,2197,007032Cmash_01199,00703Bmash_00850,00703Dmash_00280,0284V_01145,0288E_00083,101_00977,1400E_00634,14019_MetR_00238,1500E_01195,18-4_00887,23-12_00926,26-12_00896,30-4_01088,315-A_00039,3549624_00963,409-05_00177,41V_00191,5-1_00501,55152_01054,6119V5_00176,6420B_00502,75712_00303,AMD_01069,ATCC14018a_00850,ATCC14018b_01165,ATCC14018c_00667,ATCC14019_01314,ATCC49145_00095,CMW7778B_00987,DNF01149_00926,DNF01162_00210,FDAARGOS_296_00112,GED7275B_00757,GED7760B_00854,GV37_00204,HMP9231_00181,JCP7275_00910,JCP7276_00546,JCP7659_00486,JCP7672_00226,JCP7719_00877,JCP8017A_00782,JCP8017B_01003,JCP8066_00119,JCP8070_00540,JCP8108_00257,JCP8151A_01050,JCP8151B_00986,JCP8481A_00999,JCP8481B_00638,JCP8522_00863,KA00225_00591,KA00735_01022,PSS_7772B_00790,UMB0032A_00336,UMB0032B_01085,UMB0061_00717,UMB0170_00955,UMB0233_00274,UMB0264_00192,UMB0298_01015,UMB0386_01016,UMB0682_00853,UMB0768_00944,UMB0770_00213,UMB0775_00224,UMB0830_00204,UMB0833_00646,UMB0912_00181,UMB0913_00181,UMB1642_00916,UMB1686_00906
gatB,NA,Aspartyl/glutamyl-tRNA(Asn/Gln) amidotransferase subunit B,72,72,1,63,7655,NA,NA,NA,782,1499,1415,007032Cmash_00059,00703Bmash_00791,00703Dmash_00209,0284V_01065,0288E_00180,101_00906,1400E_00189,14019_MetR_00143,1500E_00045,18-4_00387,23-12_00865,26-12_00433,30-4_01001,315-A_01315,3549624_01044,409-05_00106,41V_00490,5-1_00426,55152_00157,6119V5_00543,6420B_00571,75712_00224,AMD_01146,ATCC14018a_01138,ATCC14018b_01260,ATCC14018c_00762,ATCC14019_00063,ATCC49145_00176,CMW7778B_01041,DNF01149_00848,DNF01162_00125,FDAARGOS_296_00193,GED7275B_00700,GED7760B_00801,GV37_00129,HMP9231_01306,JCP7275_01051,JCP7276_00463,JCP7659_00517,JCP7672_01096,JCP7719_00275,JCP8017A_00478,JCP8017B_00860,JCP8066_00448,JCP8070_01087,JCP8108_00188,JCP8151A_01178,JCP8151B_00877,JCP8481A_00796,JCP8481B_00020,JCP8522_01123,KA00225_00541,KA00735_00968,PSS_7772B_00189,UMB0032A_00412,UMB0032B_01161,UMB0061_00797,UMB0170_01024,UMB0233_00354,UMB0264_00124,UMB0298_01090,UMB0386_01091,UMB0682_00785,UMB0768_01028,UMB0770_00135,UMB0775_00141,UMB0830_00141,UMB0833_00587,UMB0912_00115,UMB0913_00115,UMB1642_00833,UMB1686_00978
prfB,NA,Peptide chain release factor 2,72,72,1,63,4970,NA,NA,NA,707,1157,1130,007032Cmash_00679,00703Bmash_00361,00703Dmash_01167,0284V_00837,0288E_00904,101_01204,1400E_01367,14019_MetR_01015,1500E_01123,18-4_00279,23-12_00047,26-12_00041,30-4_00013,315-A_00414,3549624_00137,409-05_01048,41V_01279,5-1_01111,55152_00368,6119V5_00802,6420B_00921,75712_00702,AMD_00027,ATCC14018a_00732,ATCC14018b_00787,ATCC14018c_00289,ATCC14019_00926,ATCC49145_01247,CMW7778B_00164,DNF01149_00528,DNF01162_00444,FDAARGOS_296_01096,GED7275B_00098,GED7760B_01010,GV37_01140,HMP9231_00620,JCP7275_01206,JCP7276_00223,JCP7659_00970,JCP7672_01248,JCP7719_00755,JCP8017A_01094,JCP8017B_00925,JCP8066_00347,JCP8070_01061,JCP8108_00142,JCP8151A_00230,JCP8151B_00266,JCP8481A_00286,JCP8481B_01222,JCP8522_00956,KA00225_00922,KA00735_00290,PSS_7772B_00316,UMB0032A_01091,UMB0032B_00637,UMB0061_01090,UMB0170_00166,UMB0233_01117,UMB0264_00982,UMB0298_00623,UMB0386_00624,UMB0682_00201,UMB0768_00577,UMB0770_01043,UMB0775_00984,UMB0830_00903,UMB0833_00818,UMB0912_00953,UMB0913_00952,UMB1642_00534,UMB1686_00185
rpsB,NA,30S ribosomal protein S2,72,72,1,63,3202,NA,NA,NA,656,968,816,007032Cmash_00887,00703Bmash_00469,00703Dmash_00889,0284V_00041,0288E_01027,101_00658,1400E_01243,14019_MetR_00891,1500E_00205,18-4_00581,23-12_00217,26-12_00551,30-4_00356,315-A_00536,3549624_00007,409-05_00783,41V_00555,5-1_00909,55152_00243,6119V5_00976,6420B_00753,75712_00824,AMD_00375,ATCC14018a_01257,ATCC14018b_00664,ATCC14018c_00166,ATCC14019_00801,ATCC49145_00907,CMW7778B_00214,DNF01149_00651,DNF01162_00643,FDAARGOS_296_00973,GED7275B_01100,GED7760B_00357,GV37_00935,HMP9231_00744,JCP7275_01143,JCP7276_00377,JCP7659_00830,JCP7672_00484,JCP7719_00626,JCP8017A_00678,JCP8017B_00319,JCP8066_01025,JCP8070_00895,JCP8108_00038,JCP8151A_00152,JCP8151B_00621,JCP8481A_00307,JCP8481B_00097,JCP8522_00304,KA00225_00275,KA00735_00489,PSS_7772B_00854,UMB0032A_01214,UMB0032B_00514,UMB0061_00960,UMB0170_00361,UMB0233_00995,UMB0264_00786,UMB0298_00493,UMB0386_00494,UMB0682_00397,UMB0768_00446,UMB0770_01165,UMB0775_01106,UMB0830_00739,UMB0833_00099,UMB0912_00757,UMB0913_00756,UMB1642_00335,UMB1686_00386
atpG,NA,ATP synthase gamma chain,72,72,1,63,4271,NA,NA,NA,269,1004,963,007032Cmash_01232,00703Bmash_00818,00703Dmash_00249,0284V_01104,0288E_00141,101_00946,1400E_00228,14019_MetR_00202,1500E_00004,18-4_01030,23-12_01119,26-12_00781,30-4_00291,315-A_01276,3549624_01004,409-05_00147,41V_00450,5-1_00474,55152_00196,6119V5_00502,6420B_00530,75712_00264,AMD_01104,ATCC14018a_01231,ATCC14018b_01201,ATCC14018c_00703,ATCC14019_00004,ATCC49145_00137,CMW7778B_01052,DNF01149_00887,DNF01162_00174,FDAARGOS_296_00154,GED7275B_00727,GED7760B_00828,GV37_00177,HMP9231_00133,JCP7275_00941,JCP7276_00536,JCP7659_00647,JCP7672_01135,JCP7719_00383,JCP8017A_00076,JCP8017B_00430,JCP8066_00357,JCP8070_00611,JCP8108_00149,JCP8151A_01155,JCP8151B_00913,JCP8481A_01222,JCP8481B_00216,JCP8522_00244,KA00225_00525,KA00735_00957,PSS_7772B_00749,UMB0032A_00373,UMB0032B_01122,UMB0061_00758,UMB0170_00982,UMB0233_00315,UMB0264_00165,UMB0298_01051,UMB0386_01052,UMB0682_00826,UMB0768_00989,UMB0770_00174,UMB0775_00180,UMB0830_00169,UMB0833_00613,UMB0912_00156,UMB0913_00156,UMB1642_00881,UMB1686_00938
frr,NA,Ribosome-recycling factor,72,72,1,63,3212,NA,NA,NA,554,554,554,007032Cmash_00869,00703Bmash_00494,00703Dmash_00886,0284V_00038,0288E_01024,101_00655,1400E_01246,14019_MetR_00894,1500E_00208,18-4_00617,23-12_00417,26-12_00548,30-4_00353,315-A_00533,3549624_00010,409-05_00780,41V_00552,5-1_00906,55152_00246,6119V5_00973,6420B_00750,75712_00821,AMD_00378,ATCC14018a_01229,ATCC14018b_00667,ATCC14018c_00169,ATCC14019_00804,ATCC49145_00904,CMW7778B_00217,DNF01149_00648,DNF01162_00646,FDAARGOS_296_00976,GED7275B_01083,GED7760B_00374,GV37_00932,HMP9231_00741,JCP7275_01146,JCP7276_00374,JCP7659_00855,JCP7672_00487,JCP7719_00609,JCP8017A_00695,JCP8017B_00302,JCP8066_01008,JCP8070_00878,JCP8108_00041,JCP8151A_00135,JCP8151B_00638,JCP8481A_00310,JCP8481B_00094,JCP8522_00321,KA00225_00272,KA00735_00486,PSS_7772B_00857,UMB0032A_01211,UMB0032B_00517,UMB0061_00963,UMB0170_00364,UMB0233_00998,UMB0264_00783,UMB0298_00496,UMB0386_00497,UMB0682_00400,UMB0768_00449,UMB0770_01162,UMB0775_01103,UMB0830_00722,UMB0833_00116,UMB0912_00754,UMB0913_00753,UMB1642_00332,UMB1686_00389
groS,NA,10 kDa chaperonin,72,72,1,63,8598,NA,NA,NA,293,416,298,007032Cmash_01140,00703Bmash_00909,00703Dmash_00343,0284V_01173,0288E_00055,101_00142,1400E_00606,14019_MetR_00272,1500E_00502,18-4_00048,23-12_00233,26-12_00145,30-4_00113,315-A_00067,3549624_00934,409-05_00230,41V_00160,5-1_00555,55152_01083,6119V5_00117,6420B_00446,75712_00331,AMD_01010,ATCC14018a_00272,ATCC14018b_01133,ATCC14018c_00634,ATCC14019_01281,ATCC49145_00067,CMW7778B_00868,DNF01149_00954,DNF01162_00263,FDAARGOS_296_00084,GED7275B_00815,GED7760B_00503,GV37_00259,HMP9231_00212,JCP7275_01120,JCP7276_00937,JCP7659_00927,JCP7672_00828,JCP7719_00304,JCP8017A_00425,JCP8017B_00598,JCP8066_00604,JCP8070_00184,JCP8108_00660,JCP8151A_00999,JCP8151B_00481,JCP8481A_01051,JCP8481B_00372,JCP8522_01112,KA00225_00651,KA00735_01110,PSS_7772B_00339,UMB0032A_00308,UMB0032B_01057,UMB0061_00689,UMB0170_00902,UMB0233_00246,UMB0264_00245,UMB0298_00987,UMB0386_00988,UMB0682_00912,UMB0768_00912,UMB0770_00241,UMB0775_00253,UMB0830_00264,UMB0833_00705,UMB0912_00240,UMB0913_00240,UMB1642_00969,UMB1686_00843
